id,domain,status,purchase_price,renewal_price,attractiveness,demand,length,registrar,created_at,expires_at,status_verified_at
52f57b74-bcb5-40c4-89cb-c40c7dbe73d5,avocado.loans,available,17.48,144.98,high,low,7,namecheap,,,22/09/2026 14:34
41854f2a-0412-4c51-8e5b-381e9614a6b9,umpire.loans,available,20.99,116.99,medium,low,6,namesilo,,,20/09/2026 00:47
e640751e-c522-4833-89d2-07f6ef5d38f0,rashes.loans,available,20.99,116.99,low,low,6,namesilo,,,19/09/2026 21:50
c7f04b6f-bc08-4c6b-823e-aeb89d46aea5,ideologic.loans,available,17.48,144.98,medium,low,9,namecheap,,,21/08/2026 18:04
c2843ea8-223c-498e-aafb-c93ac0ee4d6b,owning.loans,available,20.99,116.99,medium,low,6,namesilo,,,20/09/2026 00:32
e1b5579e-9206-4040-9823-dc9c825fc3a8,arcsec.loans,available,20.99,116.99,medium,low,6,namesilo,,,20/09/2026 01:25
283fb348-508a-42a3-8410-f06f3207326f,mate.loans,available,20.99,116.99,high,low,4,namesilo,,,23/09/2026 11:43
1dd62f26-ced0-4cfe-98cb-8d2f25035f43,unhampered.loans,available,17.48,144.98,medium,low,10,namecheap,,,12/09/2026 11:51
06e39292-c25c-4f42-bfdf-bfcaafeb8083,these.loans,available,19.99,,medium,low,5,name.com,,,
280266aa-2c12-4cfb-a112-26b38ce2cb9b,treelike.loans,available,17.48,144.98,medium,low,8,namecheap,,,06/08/2026 14:01
82729bba-7396-432e-8c1d-d2800e31bbbc,preparing.loans,available,20.99,116.99,high,low,9,namesilo,,,27/09/2026 06:40
79de57a2-b562-4c0f-b086-57d71e4e82fc,aerobiotic.loans,available,17.48,144.98,medium,low,10,namecheap,,,
3b552874-4923-4647-8602-731d42b851ec,fears.loans,available,20.99,116.99,medium,low,5,namesilo,,,27/09/2026 08:58
aa195886-c62d-4ed2-8934-0b20fd9cf682,nowhere.loans,available,19.99,,high,low,7,name.com,,,
4b57d674-134b-4542-af45-6438e882b5dc,chaldean.loans,available,17.48,144.98,medium,low,8,namecheap,,,12/08/2026 01:26
ea393038-936a-41ce-bb0e-2127694f1b98,appetite.loans,available,17.48,144.98,high,low,8,namecheap,,,19/09/2026 20:41
a0a06036-f65f-4d6e-8f80-edc5fbb43ed9,attend.loans,available,19.99,,high,low,6,name.com,,,
163f7757-1b68-4727-8c1a-2211665df8fd,technique.loans,available,19.99,,high,low,9,name.com,,,
8f4ab6c6-6493-49d4-976d-cad3557bdcee,ammonia.loans,available,20.99,116.99,high,low,7,namesilo,,,18/09/2026 22:08
315507c0-b941-4bad-9ce0-a71da84ba2ed,apse.loans,available,20.99,116.99,high,low,4,namesilo,,,19/09/2026 22:33
7066320e-bfe4-4d2b-8b61-42aba42087f4,bombing.loans,available,17.48,144.98,medium,low,7,namecheap,,,27/09/2026 11:45
f4613c90-97c3-4023-bd87-cbe972baca1b,conjoin.loans,available,17.48,144.98,high,low,7,namecheap,,,13/09/2026 09:37
dd1687e5-d893-453b-851c-4da29c386871,admass.loans,available,20.99,116.99,medium,low,6,namesilo,,,17/09/2026 08:43
e4d29234-18e2-483b-b81e-2d38e8315907,rang.loans,available,19.99,,medium,low,4,name.com,,,
947126a6-0abe-4c01-b998-e36b2f503f77,brighton.loans,available,17.48,144.98,high,low,8,namecheap,,,24/09/2026 10:19
d3ead118-e040-4541-8d4a-876ee1144d66,hind.loans,available,17.48,144.98,medium,low,4,namecheap,,,21/08/2026 09:26
d9043954-ef19-4555-9a5f-7b3842ea997d,stuffy.loans,available,17.48,144.98,high,low,6,namecheap,,,
5e2a8020-55c5-48e9-abbf-82447a24f9ea,jumps.loans,available,19.99,,high,low,5,name.com,,,
a6fddfa2-15c4-4d12-94c1-06476efa9305,beckett.loans,available,20.99,116.99,high,low,7,namesilo,,,22/09/2026 22:39
215eb71f-a090-481f-ae92-bead6fc8839a,stunner.loans,available,17.48,144.98,high,low,7,namecheap,,,22/08/2026 16:40
5ab01525-bde6-422a-9ab4-03541cd6c467,stria.loans,available,17.48,144.98,medium,low,5,namecheap,,,22/09/2026 01:18
e469efba-2b25-4081-a25e-f765f4d4586b,three.loans,available,20.99,116.99,high,low,5,namesilo,,,21/09/2026 13:02
5272ffc8-68da-4e18-8ace-0608a31adb0c,heartthrob.loans,available,19.99,,high,low,10,name.com,,,
3e89fd3b-0728-4f59-b03e-740e554ef13b,regret.loans,available,19.99,,high,low,6,name.com,,,
1f85f56f-f763-4e7c-a261-7b3b3543ea0a,absurdity.loans,available,20.99,116.99,high,low,9,namesilo,,,16/09/2026 18:39
e516b211-dcb1-4340-93c8-dda3039d2cb1,clash.loans,available,19.99,,high,low,5,name.com,,,
36c0a20c-3f66-4fb4-87a0-cb3a7a734c88,neckless.loans,available,17.48,144.98,medium,low,8,namecheap,,,03/09/2026 14:41
ce3dd384-96b3-450e-8d1c-5367a7db767f,combustion.loans,available,17.48,144.98,high,low,10,namecheap,,,11/08/2026 10:57
ea814e3f-84d8-499d-8859-db154a13b513,strep.loans,available,17.48,144.98,medium,low,5,namecheap,,,10/09/2026 22:28
aba552ec-6e16-4633-b847-2e14102c8503,incline.loans,available,19.99,,high,low,7,name.com,,,
9b5a1569-cd86-4aae-a004-a8f86f036a1e,veer.loans,available,19.99,,high,low,4,name.com,,,
50bb97de-ef17-48d6-a583-8c30155f3625,unscathed.loans,available,17.48,144.98,high,low,9,namecheap,,,12/09/2026 12:03
f0dd16c8-a3e7-40b0-8239-4c90088c490e,coulomb.loans,available,17.48,144.98,medium,low,7,namecheap,,,18/09/2026 23:08
3576207f-24c6-4d1b-9ca5-ffd4cb72ca64,executable.loans,available,17.48,144.98,high,low,10,namecheap,,,17/08/2026 16:50
edca2ad4-4830-4098-8506-0e1502da28c4,sensing.loans,available,19.99,,high,low,7,name.com,,,
4bbb18de-e7c0-4a50-bb6b-bbee4de9039f,malign.loans,available,17.48,144.98,medium,low,6,namecheap,,,24/08/2026 13:54
d69bf170-8470-48ef-bbf3-1536a1595d1a,mom.loans,available,19.99,,high,low,3,name.com,,,
b719d71d-374b-4b8c-8f40-2fbea294860f,governor.loans,available,20.99,116.99,high,low,8,namesilo,,,27/09/2026 04:15
b199326e-d2a1-4ba1-a8cd-dfe2d63d17b1,archimedes.loans,available,17.48,144.98,medium,low,10,namecheap,,,20/09/2026 02:08
d5b97912-0a75-47ad-a1a0-ae70f44a88af,reads.loans,available,17.48,144.98,medium,low,5,namecheap,,,19/09/2026 00:45
439ecdfd-e336-4958-9a80-22be4448ab4f,engage.loans,premium,854,854,high,low,6,namesilo,,,
390696b9-1396-43ab-b282-6d487d481eec,nimiety.loans,available,17.48,144.98,medium,low,7,namecheap,,,17/08/2026 16:13
48eb15e3-ec46-470f-bba5-ad4f47982e97,repulsive.loans,available,17.48,144.98,medium,low,9,namecheap,,,
d1e989d2-b260-4e14-a216-fba0b0d13ad9,kathleen.loans,available,20.99,116.99,high,low,8,namesilo,,,25/09/2026 14:34
9131eb86-4617-43ce-990c-6bf41ee6bb4b,atresia.loans,available,20.99,116.99,medium,low,7,namesilo,,,21/09/2026 00:42
afa76eb0-7427-433f-9915-65ae90cb73e0,selections.loans,available,20.99,116.99,medium,low,10,namesilo,,,20/09/2026 10:53
42106f6f-3275-46b3-8ea0-82cfe1c3c35d,infallible.loans,available,17.48,144.98,high,low,10,namecheap,,,22/08/2026 04:05
ceaa44b2-8a96-4675-9cb5-b778b9831803,atrophic.loans,available,17.48,144.98,medium,low,8,namecheap,,,07/08/2026 14:52
1825a2f8-146b-4f5f-958e-0c7b4a831166,elizabeth.loans,available,20.99,116.99,high,low,9,namesilo,,,25/09/2026 05:29
74f4c8b9-ee38-47b1-9ce2-057d373d68a8,paramount.loans,available,17.48,144.98,high,low,9,namecheap,,,04/09/2026 21:41
f73eaaa4-60b1-469f-8340-57127f01ac94,eighty.loans,available,17.48,144.98,high,low,6,namecheap,,,
19829c1d-2b8c-44bc-857b-868720b21f9b,clearing.loans,available,20.99,116.99,high,low,8,namesilo,,,24/09/2026 15:28
8bde6632-61c6-467d-b8d4-45cb52291ff1,cordless.loans,available,17.48,144.98,high,low,8,namecheap,,,13/08/2026 01:04
502ce2f5-cce1-46e6-86ee-7318aa25589a,repeated.loans,available,17.48,144.98,high,low,8,namecheap,,,27/09/2026 11:04
49f7ab59-1aa0-4911-bb7a-8400e2ae35b7,driven.loans,available,17.48,144.98,high,low,6,namecheap,,,14/08/2026 19:34
56c719cf-b35c-4f6d-a409-4cb0cd550536,conjoint.loans,available,17.48,144.98,medium,low,8,namecheap,,,12/08/2026 22:05
51d157c2-dd1d-483c-a7f0-299935ab524c,nimble.loans,available,20.99,116.99,high,low,6,namesilo,,,21/09/2026 23:05
4bf5218f-ca86-42b1-9525-dda05a47407b,nazarene.loans,available,17.48,144.98,high,low,8,namecheap,,,14/08/2026 23:06
e036bb67-ae6b-4720-a7de-0cbc94df7d89,wandering.loans,available,17.48,144.98,high,low,9,namecheap,,,25/09/2026 21:06
210e3af5-bcf6-4b79-b8ba-a3e8af5ef3d1,downmarket.loans,available,17.48,144.98,high,low,10,namecheap,,,14/08/2026 17:48
62141fa6-4610-4d12-8454-56ab1715c569,becalmed.loans,available,17.48,144.98,medium,low,8,namecheap,,,09/08/2026 06:03
a348e5d0-28d3-4f83-81f6-a781b7dad346,liquefied.loans,available,17.48,144.98,medium,low,9,namecheap,,,23/08/2026 22:01
31905038-7a22-4554-a375-f31cd79fa758,stories.loans,available,20.99,116.99,high,medium,7,namesilo,,,17/09/2026 13:42
294c7543-a56a-41f2-aef4-0632da6f2640,ajaia.loans,available,20.99,116.99,medium,low,5,namesilo,,,17/09/2026 23:39
7e3b34ed-ba85-4a20-95cc-8405d0cc725d,weakening.loans,available,19.99,170.99,medium,low,9,name.com,,,13/08/2026 20:44
33cc4ef2-5c7a-48a6-91e7-7d86808b555e,wakeful.loans,available,17.48,144.98,medium,low,7,namecheap,,,04/09/2026 16:03
4d725fdc-37e1-4394-8e5f-598874080a03,defamer.loans,available,20.99,116.99,medium,low,7,namesilo,,,21/09/2026 15:02
abea1030-b6b4-4929-b10e-25184ab26aee,wily.loans,available,17.48,144.98,medium,low,4,namecheap,,,13/08/2026 04:38
73868f86-c047-4cf0-85b8-4470ef5bb520,thanks.loans,available,19.99,,high,low,6,name.com,,,
947e7979-46ef-4a6a-a23f-78447acd1baf,uncial.loans,available,17.48,144.98,medium,low,6,namecheap,,,12/09/2026 05:10
21572efd-c959-46df-8c65-4a2f871d4069,harold.loans,available,19.99,,high,low,6,name.com,,,
a368f348-2da7-429c-9d7f-d04c1a33306e,tare.loans,available,17.48,144.98,high,low,4,namecheap,,,22/09/2026 21:12
a41c11d0-70d8-450e-8d42-3e6364774fe9,automatism.loans,available,20.99,116.99,medium,low,10,namesilo,,,21/09/2026 06:59
ccd9e665-c5e2-488a-a689-37fcdafdacd9,hubbard.loans,available,20.99,116.99,high,low,7,namesilo,,,25/09/2026 07:34
b95e9c4d-15a2-4ba1-84f9-310593dacaf1,onerous.loans,available,17.48,144.98,medium,low,7,namecheap,,,11/08/2026 10:31
fc634a09-e000-4888-8a57-b460eb797a32,nookie.loans,available,17.48,144.98,medium,low,6,namecheap,,,18/08/2026 17:31
9ce44b5d-b78d-4b21-a1f8-6b4016226088,luncheon.loans,available,19.99,,high,low,8,name.com,,,
669934d9-9af1-479d-a75e-375ac880da0c,bendable.loans,available,17.48,144.98,high,low,8,namecheap,,,09/08/2026 14:07
beb8ef5e-c80e-4d83-922f-a493b7f15473,osmanli.loans,available,17.48,144.98,medium,low,7,namecheap,,,04/09/2026 18:41
4ed7c1f8-e390-4e45-8363-eefcb3b4aeee,publically.loans,available,17.48,144.98,medium,low,10,namecheap,,,15/09/2026 06:33
85f3f930-4801-431d-8321-69f1e00f8447,filaria.loans,available,20.99,116.99,medium,low,7,namesilo,,,18/09/2026 06:14
e0bcf29b-0e03-4180-9018-472d9849b8f1,traded.loans,available,17.48,144.98,high,low,6,namecheap,,,25/09/2026 20:44
07c1128c-245f-4aa8-9a1c-a35d6d277048,applier.loans,available,20.99,116.99,medium,low,7,namesilo,,,19/09/2026 21:54
67416550-6f4b-4594-9e7c-4612a5d02416,princess.loans,available,19.99,,high,low,8,name.com,,,
2843de44-5086-4406-a0e1-45c191b436d9,outwear.loans,available,17.48,144.98,medium,low,7,namecheap,,,13/09/2026 09:15
b812c8b8-dec8-41e7-b390-4e114e2b8551,asiatic.loans,available,17.48,144.98,medium,low,7,namecheap,,,07/08/2026 02:29
4fce00d9-bb85-472b-bfd2-8f201a022f4a,nonexempt.loans,available,17.48,144.98,high,low,9,namecheap,,,03/09/2026 19:09
5c9c5aa6-d393-48c6-8209-390317b96e8c,complicate.loans,available,17.48,144.98,high,low,10,namecheap,,,08/09/2026 14:25
896bbe3d-4188-43e9-9d01-3604c494d139,glib.loans,available,17.48,144.98,high,low,4,namecheap,,,20/08/2026 14:26
e2192016-ee28-41f8-b379-18797b66f603,alb.loans,available,17.48,144.98,high,low,3,namecheap,,,18/09/2026 02:20
846ea8d6-8b0c-4bc6-80f8-0431565c098e,sprightly.loans,available,17.48,144.98,high,low,9,namecheap,,,10/09/2026 16:49
eaec7530-fc14-4e80-9bed-f69fb6ad1dec,fleshy.loans,available,17.48,144.98,medium,low,6,namecheap,,,18/08/2026 08:02
d484058d-9d5e-42ab-a9d1-2bf26597cd7e,planted.loans,available,20.99,116.99,high,low,7,namesilo,,,24/09/2026 04:59
33b57513-eb76-4104-9783-eb38ea6d6080,sinusoidal.loans,available,17.48,144.98,high,low,10,namecheap,,,10/09/2026 08:42
1081c6b3-eaa2-4fd8-9d84-c3042eb442de,dabbled.loans,available,19.99,170.99,medium,low,7,name.com,,,13/08/2026 15:12
ecc480c4-0638-447d-93de-9e8d1bf2c648,horrify.loans,available,20.99,116.99,medium,low,7,namesilo,,,18/09/2026 01:56
e102a3a3-8f7c-4c55-963d-1162303fd786,arrears.loans,available,20.99,116.99,high,low,7,namesilo,,,20/09/2026 08:55
fdfde551-ab17-4150-9815-6526a535fc55,pretzel.loans,available,19.99,,high,low,7,name.com,,,
a74c6c19-743b-491f-93a6-0e03b16acecb,crude.loans,available,20.99,116.99,high,low,5,namesilo,,,24/09/2026 02:12
af792ac8-a431-4192-ab4b-00d851079cb3,arabist.loans,available,20.99,116.99,medium,low,7,namesilo,,,19/09/2026 23:35
aae78801-7e70-4a5b-8731-72ca8d3e893c,sleeping.loans,available,19.99,,high,low,8,name.com,,,
a836539e-bcef-4605-89db-700f04f7ad01,prudishly.loans,available,17.48,144.98,low,low,9,namecheap,,,15/09/2026 21:53
7ca1e5c9-c5c4-4de9-8178-20b064337c84,smarts.loans,available,17.48,144.98,high,low,6,namecheap,,,16/09/2026 18:16
54629d61-030e-4502-be30-cd7bc84eb3ea,massage.loans,available,19.99,,high,low,7,name.com,,,
e26d4fdd-2c39-4453-a744-2a9da9f8346d,wagram.loans,available,20.99,116.99,medium,low,6,namesilo,,,22/09/2026 16:18
bbfcca51-8bab-42c7-9fde-eaeb7256ea79,yellowcake.loans,available,19.99,,medium,low,11,name.com,,,
f8820292-7d73-4f19-9a2b-0ffb9899bf20,indulging.loans,available,17.48,144.98,high,low,9,namecheap,,,05/09/2026 00:26
802a8c88-8da8-4e49-9a79-33f1870fcfe2,agleam.loans,available,17.48,144.98,medium,low,6,namecheap,,,
6c3deeca-8e2f-4833-a6a5-ccf4a9e61333,audio.loans,available,19.99,,high,low,5,name.com,,,
6f5f05a6-adfe-4ce5-bae9-c46b38444e4d,dalmatian.loans,available,19.99,170.99,high,low,9,name.com,,,13/08/2026 16:00
8feac190-2ad1-4fb4-95dd-4e777b465f0a,crepuscle.loans,available,17.48,144.98,medium,low,9,namecheap,,,11/09/2026 21:50
aad856d8-fe97-49b5-bf7b-6ac948cbb707,adventitia.loans,available,17.48,144.98,medium,low,10,namecheap,,,17/09/2026 10:36
a04cb6bf-c47f-4f99-a741-228960d8109a,wore.loans,available,19.99,,medium,low,4,name.com,,,
04bdc40d-5f85-46f4-9ab4-d2a488f2da6d,mixing.loans,available,19.99,,high,low,6,name.com,,,
d1ef4d1f-acc3-4d1f-8c50-bf9777c8bd9c,matthew.loans,available,20.99,116.99,high,low,7,namesilo,,,25/09/2026 06:38
b328e851-8908-4317-9dca-05b2d4d2d3ad,observer.loans,available,20.99,116.99,high,low,8,namesilo,,,27/09/2026 03:30
8d8d128a-156a-4c3d-a884-6f8c1752a9ca,calhoun.loans,available,17.48,144.98,medium,low,7,namecheap,,,27/09/2026 03:19
8f22e23b-fc4c-4e41-a380-c9a5f4a4b2d2,drop.loans,available,19.99,170.99,high,medium,4,name.com,,,24/09/2026 05:11
a2b9e3d0-d1d1-4fe8-9c8c-5cacfad43fe1,punctually.loans,available,17.48,144.98,medium,low,10,namecheap,,,14/09/2026 14:45
fce7d595-4a93-4faa-bdc8-d2fa379cd65b,detail.loans,available,17.48,144.98,high,low,6,namecheap,,,27/09/2026 09:10
7a57260f-a00f-49bc-83f7-5a61e0b51b1f,jerk.loans,available,17.48,144.98,high,low,4,namecheap,,,25/09/2026 11:41
ea0e0e5b-4ff8-4fdb-872b-346b6c90edcf,material.loans,available,20.99,116.99,high,low,8,namesilo,,,23/09/2026 23:27
6030c60e-108a-48c5-9c39-47c56a82236d,defraud.loans,available,17.48,144.98,high,low,7,namecheap,,,14/09/2026 08:02
d15f7ff0-3c8b-43b7-aae0-4289ff31ad04,for.loans,resell,,,high,medium,3,"Global Domains International, Inc. DBA DomainCostClub.com",06/07/2026 15:15,06/07/2027 15:15,26/09/2026 06:12
33c17699-06b1-485d-be8f-e0f450444748,dickson.loans,available,20.99,116.99,high,low,7,namesilo,,,25/09/2026 15:42
f570c935-810f-4858-9cf1-889d2a3f8adb,resounding.loans,available,19.99,,high,low,10,name.com,,,
24399083-e099-4904-a470-14f1f5e36c2d,aliment.loans,available,17.48,144.98,medium,low,7,namecheap,,,18/09/2026 07:56
d49510c0-ee43-44bb-9205-c87a8136fbee,neuronic.loans,available,17.48,144.98,medium,low,8,namecheap,,,03/09/2026 16:21
f6589331-8009-40c8-b234-63a8abeb5c57,bowfin.loans,available,17.48,144.98,medium,low,6,namecheap,,,18/09/2026 21:19
388e1f80-c264-44b1-95d7-304304c67755,supernatural.loans,available,19.99,,high,low,12,name.com,,,
76763651-6d6e-4efa-baf6-d4da6633cfbd,schilling.loans,available,20.99,116.99,high,low,9,namesilo,,,21/09/2026 04:58
20cb1b07-7c29-41f0-98a5-5c60a2cc2f29,lovingly.loans,available,17.48,144.98,high,low,8,namecheap,,,14/09/2026 19:14
d32a8093-6599-41e5-98ed-c01cbd957054,valid.loans,available,19.99,,high,low,5,name.com,,,
e5367d85-434f-4574-be8e-b466e51338f0,philia.loans,available,17.48,144.98,high,low,6,namecheap,,,17/09/2026 14:21
5a359bee-2213-441e-809c-2d2f3598e625,westcott.loans,available,19.99,,medium,low,8,name.com,,,
f46de12f-e8f3-4dea-bb7c-dcaf480fe421,felid.loans,available,17.48,144.98,medium,low,5,namecheap,,,18/08/2026 00:54
4af18757-d4aa-42e2-989b-8fcdc2391d74,worthful.loans,available,17.48,144.98,high,low,8,namecheap,,,13/09/2026 13:26
cc4f3e38-cd7f-4c0c-8a83-29e69fadb968,spartan.loans,available,20.99,116.99,high,low,7,namesilo,,,19/09/2026 16:49
b753ec0a-9d8a-4cac-97df-e9090d52747f,results.loans,available,17.48,144.98,high,low,7,namecheap,,,
666cb180-b161-488c-82bb-bee1f5b5de05,aspirator.loans,available,20.99,116.99,high,low,9,namesilo,,,20/09/2026 15:23
b7b3a6ae-d82f-4632-81ba-9fe45ee67a65,incisive.loans,available,17.48,144.98,medium,low,8,namecheap,,,22/08/2026 01:21
461c6354-05ef-4807-8e2f-a285038ac0f6,beret.loans,available,20.99,116.99,high,low,5,namesilo,,,23/09/2026 09:15
40affc83-ea99-47c1-8f55-9b559b63371d,alar.loans,available,17.48,144.98,medium,low,4,namecheap,,,
1eeb3f68-50db-4a7d-af56-0188ef39c804,georges.loans,available,20.99,116.99,high,low,7,namesilo,,,25/09/2026 15:05
a50c211b-c507-4edb-add4-84560e0fd13c,lav.loans,available,17.48,144.98,high,low,3,namecheap,,,09/09/2026 02:16
670a1d57-2c50-4f58-81bb-5bcffe5f59c4,detoxify.loans,available,19.99,,high,low,8,name.com,,,
3c3e7449-5611-4426-ae71-296503bc7e0e,objects.loans,available,19.99,,medium,low,7,name.com,,,
8c17ca1d-f8e6-4d24-9122-11c792419dd5,haste.loans,available,19.99,,high,low,5,name.com,,,
02321e62-4201-4db3-bfe3-4319ff2dac1e,undeniably.loans,available,20.99,116.99,medium,low,10,namesilo,,,16/09/2026 09:52
2accb81e-ab1d-4d3e-b95d-164c66d04cbe,ballast.loans,available,20.99,116.99,high,low,7,namesilo,,,21/09/2026 22:46
855c108a-5e34-47c2-b05f-82600c289335,botchy.loans,available,17.48,144.98,medium,low,6,namecheap,,,10/08/2026 20:53
c4dc5437-f95d-47fd-ab95-34c3fc79e981,bitstock.loans,available,20.99,116.99,medium,low,8,namesilo,,,23/09/2026 22:47
3f63c563-ae26-40aa-9d52-afadf50679a2,stormbound.loans,available,17.48,144.98,low,low,10,namecheap,,,10/09/2026 21:22
3bedd2f3-9e84-44c0-a53b-e9b79c31807f,chesty.loans,available,17.48,144.98,medium,low,6,namecheap,,,06/08/2026 22:08
113ea11c-1f7e-4e8f-88bd-dfc9d7694625,ameboid.loans,available,17.48,144.98,medium,low,7,namecheap,,,
caa5ad93-d510-4706-8429-a82109314bb2,buildings.loans,available,20.99,116.99,medium,low,9,namesilo,,,27/09/2026 09:32
7d602861-5f92-4de6-ad79-f21702fe4d2f,guilt.loans,available,19.99,,high,low,5,name.com,,,
02ef3f18-de2f-4d8f-94ce-865310caee61,slippy.loans,available,17.48,144.98,medium,low,6,namecheap,,,10/09/2026 11:03
8b09f428-a7a7-43ea-869e-0afc4f7230d0,monopoly.loans,available,19.99,,high,low,8,name.com,,,
1e3fdf86-1379-4660-9d51-40149912d4e1,dissolved.loans,available,17.48,144.98,medium,low,9,namecheap,,,14/08/2026 12:56
5daed808-b386-4801-8c57-a734cfeb9c9e,docket.loans,available,20.99,116.99,high,low,6,namesilo,,,17/09/2026 17:03
e66b0e1d-bd93-4e4e-b0ce-a7aa5fd3ae56,unsocial.loans,available,17.48,144.98,medium,low,8,namecheap,,,12/09/2026 20:11
f97c4627-150e-4f6a-bbe4-f24e23c7a7d5,phil.loans,resell,,,high,medium,4,"GoDaddy.com, LLC",02/04/2015 01:34,02/04/2027 01:34,26/09/2026 08:08
3094c3ad-a153-4037-88f5-274b7744157a,creating.loans,available,19.99,,high,low,8,name.com,,,
40c34eca-bd90-45b5-8e78-6fb7dc3ee89d,prolonged.loans,available,17.48,144.98,high,low,9,namecheap,,,14/08/2026 18:34
b2037cc8-8f71-4830-a9f2-3d7ec5a10ca2,flogging.loans,available,17.48,144.98,medium,low,8,namecheap,,,22/08/2026 20:16
394058ba-11e1-4f6b-b33b-e87cfe4c6bcb,affray.loans,available,20.99,116.99,medium,low,6,namesilo,,,17/09/2026 14:43
b433b79a-7e62-45e1-a133-fede633f350d,offered.loans,available,19.99,,medium,low,7,name.com,,,
7fa5f66f-28d4-4f26-b6d6-e53df6b28fdf,tempra.loans,available,20.99,116.99,medium,low,6,namesilo,,,16/09/2026 23:57
e32e6cf0-ccea-4e19-8e76-5a1be0d1888f,removable.loans,available,17.48,144.98,high,low,9,namecheap,,,03/09/2026 23:44
dcf16d34-e4ec-4b0d-aab7-4457c726666e,sweetly.loans,available,17.48,144.98,high,low,7,namecheap,,,11/09/2026 05:33
b04964d4-426e-4b0e-bed1-ece40f341762,beth.loans,available,20.99,116.99,medium,low,4,namesilo,,,23/09/2026 11:12
f8e1ee82-83e8-40ef-923f-8ee469e960f8,corking.loans,available,17.48,144.98,high,low,7,namecheap,,,08/08/2026 12:20
8394144d-48b4-4fd3-81e4-76fb3153e0ca,successor.loans,available,19.99,,high,low,9,name.com,,,
47bc8562-ec5e-40da-ae34-6b2d01d19ae0,ante.loans,available,20.99,116.99,high,low,4,namesilo,,,19/09/2026 12:39
85a3ba88-31fb-4637-8884-551bd03b97da,arianrhod.loans,available,17.48,144.98,medium,low,9,namecheap,,,20/09/2026 05:14
343371ee-da0f-430a-9c2f-fc704c82dbcb,engaged.loans,available,17.48,144.98,high,low,7,namecheap,,,10/08/2026 19:07
69f21875-b6f3-415b-a6df-933915407958,vex.loans,available,19.99,170.99,high,low,3,name.com,,,21/09/2026 17:27
7ef5e149-e3a7-4b70-be95-46bf4076b543,cymry.loans,available,17.48,144.98,medium,low,5,namecheap,,,13/09/2026 10:45
002d9567-1664-44d3-99ce-4c7d4cd01744,saws.loans,available,17.48,144.98,medium,low,4,namecheap,,,20/09/2026 09:02
9bfd8f34-59e8-4ade-a271-1603e9286ae1,upwind.loans,available,17.48,144.98,high,low,6,namecheap,,,22/08/2026 22:35
181ae796-87b9-4f1b-99ff-7bb031ba3ea1,painless.loans,available,17.48,144.98,high,low,8,namecheap,,,04/09/2026 23:04
0e3668fb-6f35-446e-afcd-74aec5b4a5f2,cleric.loans,available,17.48,144.98,high,low,6,namecheap,,,14/08/2026 23:27
21c09f4c-7462-4593-97a4-fbcbc0d6ffc6,whatsoever.loans,available,20.99,116.99,medium,low,10,namesilo,,,22/09/2026 06:59
ea910b4b-2968-4d1b-84fa-1d59335981fd,apophatic.loans,available,17.48,144.98,medium,low,9,namecheap,,,06/08/2026 02:27
7f935ed6-50b2-4f59-8f16-fb84075ed2e1,freaky.loans,available,17.48,144.98,high,low,6,namecheap,,,10/08/2026 10:01
2408fcbf-8ac6-42eb-998d-f89b945001f7,noachian.loans,available,17.48,144.98,medium,low,8,namecheap,,,03/09/2026 17:58
979f2b4f-4347-4ea9-ae59-89c2c4b6beff,religious.loans,available,17.48,144.98,high,low,9,namecheap,,,09/09/2026 13:37
800d1832-05e9-40b6-ba3a-65d7596f8e8e,ducktape.loans,available,20.99,116.99,high,low,9,namesilo,,,27/09/2026 08:55
44409f29-3809-4645-99b7-a097d4a4710d,amputee.loans,available,17.48,144.98,high,low,7,namecheap,,,18/09/2026 23:54
8be522dd-81a0-4629-bc4e-0662189c2a02,formidably.loans,available,17.48,144.98,medium,low,10,namecheap,,,14/09/2026 19:46
88ef05f4-4440-45b3-86ac-c405bc28429b,lifelike.loans,available,17.48,144.98,high,low,8,namecheap,,,23/08/2026 01:41
c6603984-594f-4a8c-90a9-5471726282d2,certify.loans,available,17.48,144.98,high,low,7,namecheap,,,24/08/2026 15:04
d947cad3-1891-4ebf-a705-1a771db713b9,pharmaceutical.loans,available,20.99,116.99,high,low,14,namesilo,,,19/09/2026 04:12
16e206be-2d97-45d5-8f6a-d2756ca35398,metrical.loans,available,17.48,144.98,medium,low,8,namecheap,,,24/08/2026 22:08
98d36eb1-9a0a-42aa-8e4b-73e3423bce0f,temperature.loans,available,19.99,,high,low,11,name.com,,,
8887f2cf-1f0a-47e6-8430-af289b216276,actuated.loans,available,17.48,144.98,medium,low,8,namecheap,,,
5b93ef26-0469-464c-9d9c-31f57397b88d,momently.loans,available,17.48,144.98,medium,low,8,namecheap,,,15/09/2026 15:21
3dd2193e-80de-4580-a8c6-84aeadf871f2,periodic.loans,available,17.48,144.98,high,low,8,namecheap,,,08/09/2026 17:11
ce2dab29-8d7d-4d70-b282-9faae84713c6,recovery.loans,available,17.48,144.98,high,low,8,namecheap,,,08/09/2026 13:21
a710e714-c362-49ea-b32e-d847fc795d13,smoke.loans,available,19.99,,high,low,5,name.com,,,
7c87d1a0-ae40-41ea-a015-9466ef8fe5d0,ascendancy.loans,available,20.99,116.99,high,low,10,namesilo,,,20/09/2026 13:06
22c056ae-f579-4c2e-bf7d-b3b531b33482,antenatal.loans,available,19.99,170.99,high,low,9,name.com,,,22/09/2026 05:59
b0f34399-8981-42c5-bf8a-e8ecc0e602df,anatidae.loans,available,20.99,116.99,medium,low,8,namesilo,,,19/09/2026 03:26
9932cb92-3e92-48d1-a09a-f1b3bcbe68f7,crank.loans,available,17.48,144.98,high,low,5,namecheap,,,13/08/2026 04:51
87ab30b2-ec52-4afa-8a66-5924628fc1b0,marang.loans,available,20.99,116.99,medium,low,6,namesilo,,,20/09/2026 12:01
5475546c-f936-441c-a894-27735fc87882,ripely.loans,available,17.48,144.98,medium,low,6,namecheap,,,15/09/2026 23:48
afa605ab-70f5-4792-83bb-b35403a9a64a,basilisk.loans,available,17.48,144.98,high,low,8,namecheap,,,22/09/2026 10:54
ebbe6605-2f33-4122-9559-be81b2fff49c,enchanting.loans,available,17.48,144.98,medium,low,10,namecheap,,,09/08/2026 18:21
8f152284-fbaf-47a6-a3ee-8a65a837f5bd,bradstreet.loans,available,17.48,144.98,medium,low,10,namecheap,,,19/09/2026 10:16
06dd8495-df1b-49b6-8f63-868fdc4bde68,canny.loans,available,17.48,144.98,high,low,5,namecheap,,,11/08/2026 13:23
440a4a21-8dde-4b5f-962f-947bc2c79003,dysgenic.loans,available,17.48,144.98,low,low,8,namecheap,,,11/08/2026 12:30
f9b28f4e-8cc3-4bbb-9753-930051c1f0b7,minimally.loans,available,17.48,144.98,medium,low,9,namecheap,,,15/09/2026 15:02
fff256e3-5892-4637-b354-57811be882e1,bey.loans,available,20.99,116.99,medium,low,3,namesilo,,,23/09/2026 12:10
3258537d-3665-4178-8269-77743103d25c,foreman.loans,available,20.99,116.99,high,low,7,namesilo,,,23/09/2026 00:59
53b2a03f-cd08-47fa-bba7-39f0ce56db0c,antler.loans,available,20.99,116.99,high,low,6,namesilo,,,19/09/2026 15:20
4bd219f5-898f-4713-be06-82b53847fae7,seagoing.loans,available,17.48,144.98,medium,low,8,namecheap,,,04/09/2026 00:24
f3c6afe9-5d18-476a-aa63-afbf8cbe461c,bounded.loans,available,17.48,144.98,medium,low,7,namecheap,,,10/08/2026 21:52
c7f704d9-fd4b-4773-a0e9-1729bc333436,stevens.loans,available,20.99,116.99,high,low,7,namesilo,,,25/09/2026 06:30
d7d57e69-9268-475b-b932-c1429cd82c60,ebionite.loans,available,17.48,144.98,medium,low,8,namecheap,,,14/08/2026 23:04
14ee1dd9-c5c0-481b-8cd7-df8e54e214e6,surrender.loans,available,19.99,,high,low,9,name.com,,,
a2b452ec-ef5a-4c71-8afa-c6211debbea9,burdensome.loans,available,17.48,144.98,medium,low,10,namecheap,,,11/08/2026 10:29
4edb4f27-c11e-4033-b2f9-6151dd585d42,kiev.loans,available,19.99,,high,low,4,name.com,,,
ae9c159d-9616-44d1-ba04-9d445bb120f3,rushed.loans,available,19.99,,high,low,6,name.com,,,
62b975ed-5011-4800-a79a-ebc91130c789,goofy.loans,available,17.48,144.98,high,low,5,namecheap,,,12/08/2026 14:50
54d5e85d-89f7-4f76-82d5-a26b5cb57410,bishkek.loans,available,20.99,116.99,high,low,7,namesilo,,,23/09/2026 21:43
f0c70c24-496d-4435-a111-fa294bb3f20b,xlv.loans,available,17.48,144.98,high,low,3,namecheap,,,
b0e09ad4-0ce6-480d-a77a-f937842148ae,anjou.loans,available,20.99,116.99,high,low,5,namesilo,,,19/09/2026 09:39
fe80559b-5808-40ee-b665-aac6193e8f7d,deciders.loans,available,17.48,144.98,medium,low,8,namecheap,,,20/09/2026 23:38
c7308de0-1531-4337-be3f-addafe31a3e5,ardea.loans,available,20.99,116.99,medium,low,5,namesilo,,,20/09/2026 03:04
4bf47930-c8b9-44f5-8d52-6b42e2057cb3,reliant.loans,available,17.48,144.98,high,low,7,namecheap,,,09/09/2026 13:35
2b39ace4-f0ad-44e5-afa9-f5974b06dbeb,betimes.loans,available,17.48,144.98,medium,low,7,namecheap,,,13/09/2026 23:59
2d694dfc-15ef-4435-a65f-d0aca6dc78e4,breeds.loans,available,20.99,116.99,medium,low,6,namesilo,,,20/09/2026 01:09
96bfd222-1dc9-46e7-9d03-5ec8a15dff4a,toller.loans,available,20.99,116.99,medium,low,6,namesilo,,,23/09/2026 05:41
18f6f292-7057-432b-8279-8449b4c7a326,fashioned.loans,available,17.48,144.98,high,low,9,namecheap,,,17/08/2026 23:02
c99c01b6-32b4-4602-922f-65013d4814b6,franklin.loans,resell,,,high,low,8,"GoDaddy.com, LLC",25/07/2016 03:46,25/07/2027 03:46,26/09/2026 06:14
0ae6152c-a1de-4a90-b0c1-c58cefd8ae21,conquest.loans,available,19.99,,high,low,8,name.com,,,
8f32ef77-ca4e-4c1e-9fe3-167c23045bc0,apiculture.loans,available,20.99,116.99,medium,low,10,namesilo,,,19/09/2026 15:54
b3b75a35-058b-4f8d-805c-04823c10244f,hmong.loans,available,17.48,144.98,high,low,5,namecheap,,,21/08/2026 10:02
865901c0-735b-4e13-b657-4a680e8ad940,acyclic.loans,available,17.48,144.98,medium,low,7,namecheap,,,
6905304f-9066-4c59-a5ba-38061864c6cb,alizarine.loans,available,20.99,116.99,medium,low,9,namesilo,,,18/09/2026 08:13
4c75e3b7-92a2-44c9-b706-1c15ec3efb21,exchanging.loans,available,20.99,116.99,high,low,10,namesilo,,,20/09/2026 00:55
b759fdba-2b88-443a-a6df-da16d4703c74,acquiring.loans,available,20.99,116.99,high,low,9,namesilo,,,17/09/2026 02:42
94de3fcb-2863-4ab1-b50f-75d52015b96a,din.loans,available,17.48,144.98,high,low,3,namecheap,,,10/08/2026 13:17
cd87ba1f-c8a3-4d55-82fe-2d795df4a0b4,harmonise.loans,available,20.99,116.99,high,low,9,namesilo,,,16/09/2026 22:55
1b85f33e-2213-40b9-bdab-f418419d42d0,acid.loans,available,17.48,144.98,high,low,4,namecheap,,,
40b4207d-99c0-4812-ba0f-1471139b18f5,accomplished.loans,available,19.99,,high,low,12,name.com,,,
533e3c90-ce0b-4f24-b255-c3ca12c468cb,overeasy.loans,available,19.99,170.99,medium,low,9,name.com,,,16/09/2026 17:44
67342993-6a86-449a-9897-ff2065f0e0bc,subaltern.loans,available,17.48,144.98,medium,low,9,namecheap,,,22/08/2026 14:29
45e51ddf-6535-4df9-bca1-69bb9612d095,beseeching.loans,available,17.48,144.98,medium,low,10,namecheap,,,09/08/2026 15:20
987f2d5e-36c8-4331-b0ea-be890808bff1,grainy.loans,available,17.48,144.98,medium,low,6,namecheap,,,12/08/2026 14:00
77b3c55a-5e87-4fb9-ab04-16dbdc22974b,askant.loans,available,17.48,144.98,medium,low,6,namecheap,,,07/08/2026 03:05
ef2bdc1e-4daf-4bda-8f8a-6b75ca2acbd0,adulterous.loans,available,17.48,144.98,medium,low,10,namecheap,,,
001380de-7096-41fb-8c87-b792c21cbdfe,beachwear.loans,available,17.48,144.98,high,low,9,namecheap,,,22/09/2026 19:10
c10b94c9-4086-4576-809e-f64778bec9fc,saucy.loans,available,17.48,144.98,high,low,5,namecheap,,,21/08/2026 22:17
e9aea97b-36ab-4192-97e0-2503f6deec6e,justified.loans,available,17.48,144.98,high,low,9,namecheap,,,25/09/2026 12:26
8d18e356-3b74-4b6f-af90-5d06c6bb7298,clerical.loans,available,17.48,144.98,high,low,8,namecheap,,,12/08/2026 10:48
f049105c-cc7b-4f3f-a97d-25d9da601f13,backs.loans,available,20.99,116.99,medium,low,5,namesilo,,,18/09/2026 06:41
c2776a18-8bfe-4ebc-a179-fa3b64ce143e,lao.loans,available,17.48,144.98,high,low,3,namecheap,,,22/08/2026 19:34
ed5dece4-922f-4cf6-955f-d930e47768e0,moravian.loans,available,17.48,144.98,high,low,8,namecheap,,,25/08/2026 06:14
7d09b114-4d26-42a9-b2e7-d2af6fe22810,intention.loans,available,17.48,144.98,high,low,9,namecheap,,,22/08/2026 07:55
ae181c88-8174-4ce2-aabb-707c6f17f278,frost.loans,available,17.48,144.98,high,low,5,namecheap,,,21/08/2026 10:05
8c8b19c3-892a-4748-9150-10749f79044d,haughty.loans,available,17.48,144.98,medium,low,7,namecheap,,,21/08/2026 01:24
22e89f84-e588-461d-ba0d-5b6db7fd8a1a,acknowledge.loans,available,19.99,,high,low,11,name.com,,,
35a0a892-81ec-4bb2-83e1-44b4073d8034,wain.loans,available,20.99,116.99,medium,low,4,namesilo,,,23/09/2026 14:30
a760398c-62a7-420c-83c6-eab2bd13afe0,participant.loans,available,19.99,,high,low,11,name.com,,,
e7df3cda-a1a9-48e3-b648-1954d5590e8e,obliterate.loans,available,17.48,144.98,high,low,10,namecheap,,,10/08/2026 15:34
526a9cc2-4b45-46fd-8a9d-21d936f4af24,nifty.loans,available,17.48,144.98,high,low,5,namecheap,,,08/08/2026 12:38
d96c4a1b-fe07-42a5-8897-b5c7725b5a1d,coptic.loans,available,17.48,144.98,high,low,6,namecheap,,,13/08/2026 00:36
d6fe6df6-e94c-4de9-90f9-4eb72d9d9773,plummet.loans,available,17.48,144.98,medium,low,7,namecheap,,,08/09/2026 21:42
94f4b3c6-ef1e-423d-99f5-eb53d32e7056,dulcet.loans,available,17.48,144.98,medium,low,6,namecheap,,,14/08/2026 20:59
cfcbabd1-736b-4843-bcd8-69d5e71b1b75,braced.loans,available,17.48,144.98,medium,low,6,namecheap,,,11/08/2026 00:17
8d40ef01-a1ac-47b1-8f04-3688db38d394,quadrate.loans,available,17.48,144.98,high,low,8,namecheap,,,09/09/2026 07:17
a5545203-ed8f-4fcf-9dfb-69592ee617ca,hemophilia.loans,available,17.48,144.98,medium,low,10,namecheap,,,24/09/2026 05:26
3582a958-1639-46d2-91e8-ebd780003eff,dormie.loans,available,17.48,144.98,medium,low,6,namecheap,,,14/08/2026 16:21
d1973c68-6607-4cd3-9379-996023f009ef,lackey.loans,available,20.99,116.99,medium,low,6,namesilo,,,20/09/2026 15:38
acb56b58-78bb-4adf-9a42-464e963d3d7d,effluent.loans,available,17.48,144.98,medium,low,8,namecheap,,,15/08/2026 14:47
b4ab6982-5964-42f0-ba52-b28bdaa29d62,behmen.loans,available,20.99,116.99,medium,low,6,namesilo,,,23/09/2026 03:43
90dd11ee-2553-4546-819f-4f36dd299149,onions.loans,available,19.99,,high,low,6,name.com,,,
56b008e1-9368-431b-ae9f-2cd366654897,loved.loans,available,20.99,116.99,high,low,5,namesilo,,,25/09/2026 14:27
4b6395a5-146d-4a60-824a-b4d92a8900b3,kelvin.loans,available,17.48,144.98,high,low,6,namecheap,,,22/08/2026 15:02
ed2880fe-009e-498a-984e-58aa65c33b38,saucepan.loans,available,19.99,,high,low,8,name.com,,,
6e22e5ac-eae3-4900-85e7-e1df1632c1dd,rocks.loans,available,20.99,116.99,high,low,5,namesilo,,,17/09/2026 07:43
62524c41-2bcf-4d0c-929d-0a3daaf6d913,unshaven.loans,available,17.48,144.98,medium,low,8,namecheap,,,12/09/2026 19:40
a40f59a4-2a3d-467f-a5a2-de9ec5e306b7,distributed.loans,available,17.48,144.98,high,low,11,namecheap,,,
8f5eb6fe-0019-449f-89a7-82b6be4f7a01,ilama.loans,available,20.99,116.99,medium,low,5,namesilo,,,19/09/2026 10:33
b53f78d5-7b84-4c03-81ca-bb93eb5784c6,humid.loans,available,17.48,144.98,high,low,5,namecheap,,,21/08/2026 15:17
af96258b-ba35-4ee3-b735-97b212129700,belong.loans,available,19.99,,high,low,6,name.com,,,
56f7b6f3-475b-4cd6-a5a9-07adbe83c47a,fain.loans,available,17.48,144.98,medium,low,4,namecheap,,,14/08/2026 12:05
845b9cc2-fe67-4893-87bc-8ba4cb7581ac,pointy.loans,available,19.99,,high,low,6,name.com,,,
0a00bac9-1374-4a7b-86e0-11b6bc42c882,narratives.loans,available,20.99,116.99,medium,low,10,namesilo,,,20/09/2026 10:13
cb18283a-797a-4834-90b5-2ffde3736d3a,betsy.loans,available,17.48,144.98,medium,low,5,namecheap,,,27/09/2026 07:40
0de73da9-da3d-430e-a7fa-8225d1162311,asuncion.loans,available,17.48,144.98,high,low,8,namecheap,,,20/09/2026 18:23
41ea0442-d324-4a21-ad1d-6e14087853eb,inevitably.loans,available,17.48,144.98,medium,low,10,namecheap,,,15/09/2026 08:09
6184997c-e7e8-43dc-87bb-f0710bfecf6f,athelstan.loans,available,17.48,144.98,medium,low,9,namecheap,,,20/09/2026 20:33
f9d38502-afa3-4366-96bc-7671829c5e17,disapproval.loans,available,19.99,,medium,low,11,name.com,,,
4b62ef5b-629a-4822-beec-31346f80d5a8,confusion.loans,available,19.99,,high,low,9,name.com,,,
6a947705-18fe-4693-bb7c-111adb9198b6,bowed.loans,available,17.48,144.98,medium,low,5,namecheap,,,06/08/2026 14:55
7933bd27-fdad-4e76-99f4-447ed5b5f4e4,semiotical.loans,available,17.48,144.98,medium,low,10,namecheap,,,10/09/2026 03:15
a9420b2e-e6bf-4262-aa6b-b60c2bbc146a,nickelodeon.loans,available,19.99,,high,low,11,name.com,,,
081b40b7-84ca-4e08-b402-8bc22191e242,isomorphic.loans,available,17.48,144.98,high,low,10,namecheap,,,22/08/2026 11:12
33fb4d5f-d609-4cab-b7b1-57a747459eff,abasia.loans,available,20.99,116.99,medium,low,6,namesilo,,,16/09/2026 14:05
e242d624-11ac-4697-ae87-a32dca09d438,difficulty.loans,available,19.99,,high,low,10,name.com,,,
225c1edb-9a66-41be-9232-58da7a287af9,catholicism.loans,available,20.99,116.99,high,low,11,namesilo,,,17/09/2026 00:07
26295144-2ac1-460c-9cbd-ccb7d2b7d559,respectful.loans,available,19.99,,high,low,10,name.com,,,
3a2bb862-9620-46e5-a2b6-9588c50965dc,clonal.loans,available,17.48,144.98,medium,low,6,namecheap,,,12/08/2026 12:01
35c4181c-c7a6-49b5-b329-dbb05bc978c7,organize.loans,available,17.48,144.98,high,low,8,namecheap,,,23/09/2026 23:13
f9bfcc1a-5157-4f7c-a270-efdc64e2e44a,unshakable.loans,available,19.99,170.99,high,low,10,name.com,,,23/09/2026 10:41
9a6d13cf-db27-40c1-977d-045ea8c136da,curd.loans,available,17.48,144.98,high,low,4,namecheap,,,24/09/2026 20:24
1a5eba33-ef32-4b4e-a909-2dec81384c14,biometrics.loans,available,17.48,144.98,high,low,10,namecheap,,,23/09/2026 18:33
28aaeaea-8119-463a-bc27-fed8b803dae4,arthritis.loans,available,20.99,116.99,high,low,9,namesilo,,,20/09/2026 10:37
87842310-f9dc-4bcb-af03-4b3538842c44,forbidden.loans,available,17.48,144.98,medium,low,9,namecheap,,,18/08/2026 10:59
7c2176ae-d732-4fb0-9c7d-fd4993baea6a,thereafter.loans,available,20.99,116.99,high,low,10,namesilo,,,16/09/2026 08:38
8574843f-12e4-4cd4-acd9-dfc5a91a19b3,abyssinia.loans,available,17.48,144.98,high,low,9,namecheap,,,16/09/2026 19:52
9c9911fb-f9c2-4644-bfbb-f4f1a93f5fb1,xxii.loans,available,17.48,144.98,high,low,4,namecheap,,,21/09/2026 12:40
41991fd5-2b2d-4e8e-87b2-47859b768381,backward.loans,available,20.99,116.99,high,low,8,namesilo,,,22/09/2026 15:53
03dc8886-5e56-4ae6-8d46-dfcce21a08d1,joined.loans,available,20.99,116.99,high,low,6,namesilo,,,25/09/2026 11:54
fdff6c02-73ca-43cc-a4b4-0cb538faccf2,mollify.loans,available,17.48,144.98,high,low,7,namecheap,,,18/08/2026 22:10
9aa063eb-198f-4090-8b3e-6ff5a90c7ec1,gluey.loans,available,17.48,144.98,medium,low,5,namecheap,,,20/08/2026 15:16
7e57c3ca-6ec3-4c03-adcf-ea2f7d3a4224,taliban.loans,available,20.99,116.99,high,low,7,namesilo,,,27/09/2026 05:35
481f0491-be5f-4136-bc5c-f9a141292b5e,burnt.loans,available,20.99,116.99,high,low,5,namesilo,,,23/09/2026 11:41
3f3add6d-36cf-48b1-8f31-f2f98630e844,deaths.loans,available,17.48,144.98,medium,low,6,namecheap,,,19/09/2026 19:12
76e9ace5-8a97-4b99-a424-c8bd15777f8a,airless.loans,available,17.48,144.98,medium,low,7,namecheap,,,
e52b91a8-74ef-4353-999e-bafd05dc2da9,panda.loans,available,19.99,,high,medium,5,name.com,,,
54647bc3-4a6d-486d-b13c-f4fd1d4a714e,boreas.loans,available,17.48,144.98,high,low,6,namecheap,,,03/09/2026 21:36
07878148-21ea-45fd-94ab-d6d0626634d4,garb.loans,available,17.48,144.98,high,low,4,namecheap,,,19/09/2026 19:56
4dc416f0-0f90-4ef3-9957-4b2a61fcff53,axone.loans,available,20.99,116.99,high,low,5,namesilo,,,21/09/2026 10:31
048a19bb-9005-48a2-8376-5fd919582736,branding.loans,available,17.48,144.98,high,low,8,namecheap,,,24/09/2026 08:11
2a74affc-50df-45ce-85e7-164007a7c089,abaxial.loans,available,17.48,144.98,medium,low,7,namecheap,,,
c258fb5f-b20b-4446-9188-8428ed1a6355,brooding.loans,available,17.48,144.98,high,low,8,namecheap,,,11/08/2026 05:52
d8edc8b6-9ead-48e4-afe3-36d7b5b5e269,event.loans,available,20.99,116.99,high,medium,5,namesilo,,,25/09/2026 05:15
3b699313-d804-4d88-a391-e57417aca4bc,devil.loans,available,20.99,116.99,high,low,5,namesilo,,,23/09/2026 01:20
43cd34b4-a91d-42cd-98d8-c2e14cb46e25,coffin.loans,available,19.99,,medium,low,6,name.com,,,
3693cd20-afc7-4762-9d63-f3aecf3f152d,aquarius.loans,available,20.99,116.99,high,low,8,namesilo,,,19/09/2026 23:03
aa58151a-5642-495a-a178-6e7ded07697c,freddie.loans,available,17.48,144.98,high,low,7,namecheap,,,26/09/2026 03:15
4a63e32e-24e0-4006-ba87-472c8e81ffc1,castaway.loans,available,17.48,144.98,high,low,8,namecheap,,,04/09/2026 19:05
e294adc3-0904-4352-83df-33a7fd573f31,unladylike.loans,available,17.48,144.98,medium,low,10,namecheap,,,12/09/2026 14:39
b9e5bc2a-67ed-4682-8b2f-cf62943bb148,add.loans,available,19.99,,high,low,3,name.com,,,
0d35214e-7a80-4eb7-a0fb-90292a24960c,azoic.loans,available,17.48,144.98,medium,low,5,namecheap,,,08/08/2026 02:22
72854bfe-0bb5-4d5d-b776-6168f28d1c1f,scuba.loans,available,17.48,144.98,high,low,5,namecheap,,,19/09/2026 22:55
73ef5796-565b-42f6-a367-45052b17ee67,printers.loans,available,17.48,144.98,medium,low,8,namecheap,,,21/09/2026 00:30
6db7408c-18f2-41bf-b3f2-210e6e66b47e,unbiased.loans,available,17.48,144.98,high,low,8,namecheap,,,12/09/2026 01:52
98fe78f4-9b93-4768-9e76-0743a776d7c6,grandpa.loans,available,19.99,,high,low,7,name.com,,,
6afbf0db-b9f3-47e8-9b59-3530e782da07,quack.loans,available,17.48,144.98,high,low,5,namecheap,,,09/09/2026 07:16
5d9a0014-6d05-41fd-9fed-ba05e2953989,beheaded.loans,available,17.48,144.98,medium,low,8,namecheap,,,09/08/2026 10:21
a31845d6-20bd-42f3-b06b-34277adb3c8f,alkalizer.loans,available,17.48,144.98,medium,low,9,namecheap,,,
a0b0fb12-8e7d-42ef-b3b9-10a5f14bf0cd,stalls.loans,available,17.48,144.98,medium,low,6,namecheap,,,10/09/2026 17:59
27500cdf-57f4-42e9-a6db-c73ac139ad59,unskilled.loans,available,17.48,144.98,medium,low,9,namecheap,,,
cbd4285a-8447-49b0-b48e-d4149b849681,angostura.loans,available,20.99,116.99,medium,low,9,namesilo,,,19/09/2026 07:08
8d06a084-d5ba-43b6-8092-1513b8d63691,uphill.loans,available,17.48,144.98,medium,low,6,namecheap,,,
c4a7d46e-f707-4c6d-affa-6657b5388ad4,mangold.loans,available,17.48,144.98,medium,low,7,namecheap,,,23/09/2026 11:02
463abbc6-fbc2-42de-ad24-6ea5268f1758,elysian.loans,available,17.48,144.98,high,low,7,namecheap,,,16/08/2026 06:18
601f0a8d-0fa2-4ddc-8ede-5fbd53f590e0,blades.loans,available,19.99,,high,low,6,name.com,,,
81fe1cf9-d510-4436-82fc-8d29c03d49f3,walked.loans,available,20.99,116.99,medium,low,6,namesilo,,,18/09/2026 01:20
c954b965-0d33-4b8c-a59c-2a3ee5ad8044,waxwork.loans,available,17.48,144.98,medium,low,7,namecheap,,,18/09/2026 19:16
63b9145e-0866-413f-a2b7-81b3b3d340eb,forties.loans,available,20.99,116.99,medium,low,7,namesilo,,,16/09/2026 12:06
2baded1d-c489-4dcc-8a51-9713ff161d54,disorder.loans,available,20.99,116.99,high,low,8,namesilo,,,24/09/2026 22:27
9f6a23af-85ae-461b-8745-4e86d790fd33,acetin.loans,available,17.48,144.98,medium,low,6,namecheap,,,17/09/2026 00:06
b9953637-5b49-4434-b425-fe1dc8c76a8e,diversity.loans,available,19.99,,high,low,9,name.com,,,
06d2da7a-8500-4a2b-9326-591f8bda5215,depends.loans,available,17.48,144.98,medium,low,7,namecheap,,,25/09/2026 20:36
ca30f7db-f38e-4586-a6db-fdd1e1384a2c,faintly.loans,available,17.48,144.98,medium,low,7,namecheap,,,14/09/2026 17:33
06b2e93d-1e6e-4249-b26f-f4f922975e23,hefty.loans,available,17.48,144.98,high,low,5,namecheap,,,11/08/2026 02:48
64065e71-c39c-4e07-82a6-11500914d5fb,clinically.loans,available,19.99,,medium,low,10,name.com,,,
cf32700f-a7cf-4e36-a73b-5033157f965e,bacchante.loans,available,20.99,116.99,medium,low,9,namesilo,,,21/09/2026 13:59
487d9984-aef4-4940-8645-46e59a63cbaa,sustenance.loans,available,17.48,144.98,high,low,10,namecheap,,,18/09/2026 07:54
1d0edef4-8ca0-4655-a999-7952ec58d2c3,mongoloid.loans,available,17.48,144.98,medium,low,9,namecheap,,,25/08/2026 04:49
5e87dbe1-fd0d-42a2-8ef6-3254f20ab77a,heroes.loans,available,20.99,116.99,high,low,6,namesilo,,,17/09/2026 22:48
af00ffd1-140c-4b68-979e-c012e9e55a4e,favourite.loans,available,19.99,170.99,high,low,9,name.com,,,13/08/2026 18:17
071ff655-3e50-47f7-bdf9-a9ee42624ff1,argo.loans,available,20.99,116.99,high,low,4,namesilo,,,20/09/2026 04:30
596a8308-42ef-45a1-8455-b64914c1bdb1,act.loans,available,19.99,,high,low,3,name.com,,,
6c5052d3-95d2-4b12-ad40-6ae81869e829,compatibly.loans,available,17.48,144.98,medium,low,10,namecheap,,,14/09/2026 07:43
8eb85656-72b7-4582-a179-78d24a2c6560,class.loans,available,19.99,,high,low,5,name.com,,,
458c9d6a-9c5c-49c7-9922-8f8eb68bd26e,whats.loans,available,20.99,116.99,medium,low,5,namesilo,,,20/09/2026 02:25
67e6e12c-76cb-4b9c-8749-9000e58b1bf6,calling.loans,available,20.99,116.99,high,low,7,namesilo,,,24/09/2026 11:48
0ff50546-b843-42c0-b878-93001001feed,another.loans,available,19.99,,high,low,7,name.com,,,
2854cfa4-1ecb-49ae-8959-46bca286d33c,tenor.loans,available,17.48,144.98,high,low,5,namecheap,,,11/09/2026 11:24
c65a1c0c-1be0-4192-bbf5-1d748a4171bd,broadly.loans,available,19.99,,high,low,7,name.com,,,
d3c3257d-ea68-4d24-8206-f6df507a2efd,unrequited.loans,available,17.48,144.98,medium,low,10,namecheap,,,12/09/2026 00:45
7c3225e4-b208-4abd-9329-b2a84851ab9e,bun.loans,available,20.99,116.99,high,low,3,namesilo,,,24/09/2026 11:10
d232c678-83d3-485e-ae66-0320ee596bb1,underling.loans,available,17.48,144.98,medium,low,9,namecheap,,,11/09/2026 00:39
b015f8e9-c323-471d-8638-6e9a30e4d2a2,bagpipe.loans,available,17.48,144.98,high,low,7,namecheap,,,21/09/2026 18:26
066e5e75-80ee-4c6b-a096-074ec984c485,expedience.loans,available,17.48,144.98,high,low,10,namecheap,,,10/09/2026 02:11
f102cb0e-e220-4a77-9469-c7b0c43e0ece,acarpelous.loans,available,17.48,144.98,medium,low,10,namecheap,,,
4de49a87-2f11-4190-983a-8b9b7ff43e60,chiseled.loans,available,17.48,144.98,medium,low,8,namecheap,,,12/08/2026 06:05
2482407d-eb23-4b85-9d12-d7984be28fee,homophonic.loans,available,17.48,144.98,medium,low,10,namecheap,,,21/08/2026 13:06
3c9ac213-1070-4c9e-9cba-fd3e81a39b61,luscious.loans,available,17.48,144.98,high,low,8,namecheap,,,14/08/2026 00:22
402e884e-6a2a-4bdb-9f1d-134950abdddd,subacid.loans,available,17.48,144.98,medium,low,7,namecheap,,,10/09/2026 23:22
46f60feb-7f6b-4af6-892b-ba699a299368,afternoon.loans,available,19.99,,high,low,9,name.com,,,
1adf34bf-b525-4105-9c5d-931744c73ae2,meditative.loans,available,17.48,144.98,high,low,10,namecheap,,,11/08/2026 05:56
f30d7e8f-f62c-452d-ac7f-64a570650c05,disrespect.loans,available,19.99,,high,low,10,name.com,,,
54591ff4-ec90-488c-b6e6-45bf9050314a,logistic.loans,available,17.48,144.98,high,low,8,namecheap,,,24/08/2026 08:52
e77e43e8-8af5-4c48-af54-2f84cc1220e3,onslaught.loans,available,20.99,116.99,medium,low,9,namesilo,,,21/09/2026 01:06
3ed6b866-f14b-4cf8-9326-16b21fbb97df,bioscience.loans,available,17.48,144.98,high,low,10,namecheap,,,23/09/2026 18:59
0e22e3d0-4536-4cde-bd4f-727e50254bbc,squishy.loans,available,17.48,144.98,high,low,7,namecheap,,,10/09/2026 16:26
57bb0e4f-539b-4772-bc70-d53830eb8d75,meeting.loans,available,17.48,144.98,high,low,7,namecheap,,,24/08/2026 20:45
13217d70-d8fc-45cb-b14a-caad994d989d,matted.loans,available,17.48,144.98,medium,low,6,namecheap,,,24/08/2026 16:52
1250a94b-c50e-4352-8b17-5a4fae40bb58,turmeric.loans,available,20.99,116.99,high,low,8,namesilo,,,19/09/2026 15:28
40e7e2a9-89d0-4580-af68-9d7421b1d3b5,inward.loans,available,17.48,144.98,high,low,6,namecheap,,,21/08/2026 23:34
99b76e87-03fc-44b3-b051-283ad6528df5,unordered.loans,available,17.48,144.98,medium,low,9,namecheap,,,12/09/2026 16:18
64fccc5e-3661-413a-bab8-f15a50080c49,querulous.loans,available,17.48,144.98,medium,low,9,namecheap,,,09/09/2026 08:33
69614286-e804-4aac-bd17-2dab41053261,inwardly.loans,available,17.48,144.98,medium,low,8,namecheap,,,15/09/2026 09:18
3f9b517a-28ca-40bc-9dac-2bfd818415d3,krubi.loans,available,20.99,116.99,medium,low,5,namesilo,,,18/09/2026 22:48
80474610-8fec-4e8a-987c-75b28ef709a3,struggle.loans,available,19.99,,high,low,8,name.com,,,
ca918e84-b126-44e0-babe-86ecb6ba9720,ably.loans,available,17.48,144.98,high,low,4,namecheap,,,13/09/2026 16:20
0158eaa9-70f1-4838-b300-64c8dfa911b7,arrowhead.loans,available,20.99,116.99,high,low,9,namesilo,,,20/09/2026 09:30
27e8ff33-e5c6-4656-944f-908beb35f05b,backchat.loans,available,20.99,116.99,high,low,8,namesilo,,,21/09/2026 15:20
7b459fa5-0061-47e2-8cd0-1830222ce371,robertson.loans,available,20.99,116.99,high,low,9,namesilo,,,25/09/2026 09:45
bc4fea9e-76c7-481b-8b4e-8fb34b6a616b,recycled.loans,available,19.99,,high,low,8,name.com,,,
ffd3373a-3619-4d6b-956f-b72ac79d97f3,orbicular.loans,available,17.48,144.98,medium,low,9,namecheap,,,08/08/2026 10:11
0e1d206e-c3e5-43dd-9d7e-a3086a585447,absolutely.loans,available,19.99,,high,low,10,name.com,,,
ffc7b53c-73d8-4184-98f5-64115cfde54a,dogging.loans,available,17.48,144.98,medium,low,7,namecheap,,,14/08/2026 15:03
d53db84a-e797-4f06-b8ec-a4e97387829c,checkroom.loans,available,20.99,116.99,medium,low,9,namesilo,,,24/09/2026 14:04
6a1e1545-c478-4c66-bc6c-bee8be6cd89b,explicitly.loans,available,17.48,144.98,medium,low,10,namecheap,,,14/09/2026 17:07
51d72813-4a4f-4e51-92a3-90a75d657b08,basseterre.loans,available,20.99,116.99,medium,low,10,namesilo,,,22/09/2026 12:18
36b3b2f5-41c1-4ef0-b6ad-ac298e98b45a,loot.loans,available,17.48,144.98,high,low,4,namecheap,,,24/09/2026 06:49
2e00d007-4304-4f0e-b10b-1a238fc63e85,ponders.loans,available,20.99,116.99,medium,low,7,namesilo,,,18/09/2026 02:06
0d8452a0-9e0c-4622-ac18-60bd2455c3d5,paradoxes.loans,available,17.48,144.98,medium,low,9,namecheap,,,21/09/2026 00:45
97b3329a-abce-42ea-a273-be6990407241,indwelling.loans,available,17.48,144.98,high,low,10,namecheap,,,22/08/2026 03:37
537e0f47-890d-4a38-ad67-31c7fcda678c,dismount.loans,available,17.48,144.98,high,low,8,namecheap,,,24/09/2026 22:48
5d37b1a9-27de-4c44-9e57-0d6b749c8e50,tropically.loans,available,17.48,144.98,medium,low,10,namecheap,,,16/09/2026 09:33
593ed3cf-7122-4d06-910e-47f12e4d3a53,ruthful.loans,available,17.48,144.98,medium,low,7,namecheap,,,12/08/2026 23:40
79a431cc-dd97-40a5-99ab-c1dc06e87e37,casebook.loans,available,17.48,144.98,high,low,8,namecheap,,,08/09/2026 03:38
0ee27055-fdbf-4f87-ad15-c21054995d91,sends.loans,available,20.99,116.99,medium,low,5,namesilo,,,27/09/2026 03:02
cbb32443-3433-4202-bcf0-3667a5169f5d,swaps.loans,available,20.99,116.99,medium,low,5,namesilo,,,18/09/2026 22:39
248a1b90-e5e7-494d-bbaf-b5b25c873696,burly.loans,available,17.48,144.98,medium,low,5,namecheap,,,09/08/2026 07:54
55a01967-7bd7-45c2-9197-b4ec3be12170,inured.loans,available,17.48,144.98,medium,low,6,namecheap,,,17/08/2026 10:01
b8825ff1-f859-49e2-ae1f-1ffa34fe9907,lhasa.loans,available,20.99,116.99,high,low,5,namesilo,,,24/09/2026 12:27
23f19770-d530-42b4-8701-8b3c023fa08b,adeptness.loans,available,20.99,116.99,high,low,9,namesilo,,,24/09/2026 07:48
b6505b26-6c8d-4279-ac73-806add1a3487,parks.loans,available,19.99,,high,low,5,name.com,,,
cb632602-905b-4164-8613-648b84275fdf,aquitaine.loans,available,20.99,116.99,high,low,9,namesilo,,,19/09/2026 23:17
72e000c7-ab99-49b8-9219-af630ec5961c,insomniac.loans,available,17.48,144.98,high,low,9,namecheap,,,22/08/2026 07:22
496755fd-5edf-44bb-97af-78147a0d7ea9,barely.loans,available,19.99,,medium,low,6,name.com,,,
fb7503f5-ba3a-4a72-8a77-886103a243f8,useable.loans,available,17.48,144.98,medium,low,7,namecheap,,,12/09/2026 23:57
581e06a7-552d-4430-8afa-ebc15c88d578,untaxed.loans,available,17.48,144.98,high,low,7,namecheap,,,11/09/2026 09:28
84c8cf35-bb5f-4d13-a4bc-56eb044e336b,electoral.loans,available,17.48,144.98,high,low,9,namecheap,,,16/08/2026 02:37
223ceb17-dec5-4247-9e58-35327565767e,waterfowl.loans,available,20.99,116.99,high,low,9,namesilo,,,19/09/2026 17:39
805f1e73-241a-428b-ba7f-3abcbade62ab,centesimal.loans,available,17.48,144.98,medium,low,10,namecheap,,,
0eab8e9a-3407-47fa-bce5-a04046df7181,semiformal.loans,available,17.48,144.98,high,low,10,namecheap,,,10/08/2026 11:42
65a58387-92f7-4c16-bcf2-dc7763993fcd,nfl.loans,available,20.99,116.99,high,low,3,namesilo,,,26/09/2026 03:28
63bb2dc7-8d77-464c-b475-8a4e88490e71,artillery.loans,available,20.99,116.99,high,low,9,namesilo,,,20/09/2026 11:43
3b8d1bc5-af34-46c1-a3ed-06d8b2f69518,childish.loans,available,17.48,144.98,high,low,8,namecheap,,,12/08/2026 05:02
065669b9-fc44-4dfb-90da-3cd83a28b7db,constancy.loans,available,20.99,116.99,high,low,9,namesilo,,,24/09/2026 17:32
19154860-936d-4a4b-84f6-0cc7de360e8a,arkansas.loans,available,20.99,116.99,high,low,8,namesilo,,,20/09/2026 06:13
b8655744-7dcc-416f-a6fd-0a8d79a88acf,pickups.loans,available,20.99,116.99,medium,low,7,namesilo,,,20/09/2026 05:31
5fa3a1d3-35ba-4925-a8c4-95364da0792e,agnosia.loans,available,17.48,144.98,medium,low,7,namecheap,,,17/09/2026 18:46
edcd9d3e-acd7-4f20-b42d-c6ad951798fd,unveiled.loans,available,17.48,144.98,high,low,8,namecheap,,,12/09/2026 22:05
9c546257-0dbf-47eb-bdfe-feb2b4abc46e,appetizing.loans,available,17.48,144.98,high,low,10,namecheap,,,06/08/2026 06:45
f212a33f-ba6b-4c87-a235-1c4f11664f1d,submerged.loans,available,17.48,144.98,medium,low,9,namecheap,,,10/09/2026 23:30
f4df710a-d80d-4f86-9ef6-763d31dc298b,aton.loans,available,17.48,144.98,medium,low,4,namecheap,,,20/09/2026 20:06
021da803-e22e-41b6-aa79-a4585dfa0c31,hesperides.loans,available,20.99,116.99,medium,low,10,namesilo,,,20/09/2026 21:44
c1113897-4f61-4aeb-a7ac-5e8a0fae02f7,devolve.loans,available,17.48,144.98,high,low,7,namecheap,,,13/08/2026 23:59
1abbac25-ade2-4e28-9937-2a752d221394,healthy.loans,available,20.99,116.99,high,low,7,namesilo,,,24/09/2026 22:43
2b7a07ae-0ebc-4ac7-82dd-a70329a2b04d,snafu.loans,available,17.48,144.98,medium,low,5,namecheap,,,18/08/2026 17:20
18ce55f3-1c91-4487-9f42-0002c192d75d,cpi.loans,available,19.99,170.99,high,low,3,name.com,,,25/09/2026 22:02
b37408c2-087b-4e3d-b1ca-d210e6e9a294,sounded.loans,available,19.99,,medium,low,7,name.com,,,
1dbff38e-48f9-43f7-a76b-ebaf12ca5ed7,arhat.loans,available,20.99,116.99,medium,low,5,namesilo,,,20/09/2026 05:05
279c643c-ffae-4a2b-b1e1-329ace2fe648,hands.loans,available,17.48,144.98,high,low,5,namecheap,,,08/09/2026 04:01
2a8d8611-8f4d-4982-9039-d6ae553d0198,balanchine.loans,available,17.48,144.98,high,low,10,namecheap,,,21/09/2026 20:54
32ec2844-697a-4911-aa4f-18040e4a1220,inspired.loans,available,20.99,116.99,high,low,8,namesilo,,,25/09/2026 09:48
00874b5d-1155-4a02-b190-a8af566cf660,bighorn.loans,available,20.99,116.99,high,low,7,namesilo,,,23/09/2026 15:10
9e36a03b-ceaf-4ed9-9581-a4bfb9f98b9b,feisty.loans,available,17.48,144.98,high,low,6,namecheap,,,18/08/2026 00:45
4fdc1bd9-dfa5-4150-bb30-02c552e508d8,clothes.loans,available,19.99,,high,low,7,name.com,,,
5381215d-358d-403f-97b2-963de7a2fdb9,unstained.loans,available,17.48,144.98,medium,low,9,namecheap,,,10/09/2026 18:17
ccc6d4db-5a14-4e2f-8997-549ca71a9d2b,carrier.loans,available,19.99,,high,low,7,name.com,,,
762b4734-bf19-46da-80b6-b857092d1237,amundsen.loans,available,17.48,144.98,medium,low,8,namecheap,,,19/09/2026 00:12
fcc3c2e8-00b6-4259-8dc6-47ed413ead1f,fumed.loans,available,17.48,144.98,medium,low,5,namecheap,,,18/08/2026 18:20
4150f87a-4483-4af7-a28e-9b147ff4d15e,sincerely.loans,available,19.99,,high,low,9,name.com,,,
f2efff4e-8a3a-4ce5-922b-878e1523d821,blende.loans,available,20.99,116.99,medium,low,6,namesilo,,,24/09/2026 05:43
0cf5af18-c519-4b33-aa43-5a8009dd5a06,bismuth.loans,available,17.48,144.98,high,low,7,namecheap,,,20/09/2026 23:53
cf5655c5-3c27-465f-9a88-e32f80cc7541,annotator.loans,available,20.99,116.99,medium,low,9,namesilo,,,19/09/2026 10:48
bd1cf7e1-0614-471c-903b-0c870808a6ea,kinsey.loans,available,20.99,116.99,high,low,6,namesilo,,,18/09/2026 06:26
b5caa181-a30c-45bf-ac1c-972d2de8c952,abutilon.loans,available,17.48,144.98,medium,low,8,namecheap,,,16/09/2026 19:21
dea27d66-02b3-477d-993d-841067322fcf,miniscule.loans,available,17.48,144.98,medium,low,9,namecheap,,,24/08/2026 23:55
bf2d927d-f6d3-4673-a833-c5cd6adaef7d,empowered.loans,available,17.48,144.98,high,low,9,namecheap,,,16/08/2026 18:26
6426676b-99ad-44e4-a890-0067140d7dc4,womanly.loans,available,17.48,144.98,high,low,7,namecheap,,,13/09/2026 13:03
78814dba-1ba7-4801-850f-9a25f5b1b56e,offshore.loans,available,17.48,144.98,high,low,8,namecheap,,,04/09/2026 01:37
c29ad2da-7523-42e2-bca1-3fbc1696cf36,anemometer.loans,available,20.99,116.99,medium,low,10,namesilo,,,19/09/2026 05:15
9211488f-6214-420b-ba3c-b7ef9a15b083,synoptic.loans,available,17.48,144.98,high,low,8,namecheap,,,11/09/2026 06:33
5db87b8f-17f2-4819-aa5d-a8e8ab71b263,spontaneous.loans,available,19.99,,high,low,11,name.com,,,
d02d63b2-5c78-4ea0-8ac1-94e78f8e0788,trash.loans,available,17.48,144.98,high,low,5,namecheap,,,25/09/2026 22:15
001ef6dd-8a26-408f-b9d6-3f50db57a4ee,hungry.loans,available,17.48,144.98,high,low,6,namecheap,,,25/09/2026 06:41
2342c985-c335-4053-960c-bcaaeadad5f4,gjo.loans,available,20.99,116.99,medium,low,4,namesilo,,,17/09/2026 05:37
d16291b8-04ba-437e-9fd1-91ee8e2c6089,ssw.loans,available,20.99,116.99,high,low,3,namesilo,,,16/09/2026 05:21
24cb1df1-3283-4648-b1df-730d6a867b1e,fatalist.loans,available,17.48,144.98,medium,low,8,namecheap,,,17/08/2026 23:29
6abfee38-12be-4091-bebc-61077ecbde5a,querier.loans,available,20.99,116.99,medium,low,7,namesilo,,,20/09/2026 14:26
81ecf7e9-c6a3-4e08-9ee1-7b65d305d1ed,dakar.loans,available,19.99,,high,low,5,name.com,,,
582aac6a-78df-4962-b9ee-78a1c120f4c1,bidens.loans,available,19.99,,medium,low,6,name.com,,,
24a237e5-92d5-4f75-9737-5c7c8d9fecbb,coruscant.loans,available,17.48,144.98,medium,low,9,namecheap,,,
fb52bbd4-9b1d-41fa-84be-8d60dc063416,albany.loans,available,20.99,116.99,high,low,6,namesilo,,,18/09/2026 02:27
51439f0e-9b8a-4277-be3f-3230540a340b,bailment.loans,available,17.48,144.98,high,low,8,namecheap,,,21/09/2026 19:09
e28acf0a-7063-4d66-8f11-f4ec2fc904e8,inhibited.loans,available,17.48,144.98,medium,low,9,namecheap,,,22/08/2026 05:07
ed133562-0cec-4b76-a3ce-4000231d8d68,bankable.loans,available,,,high,low,8,,,,
2f2d3e1c-e2f7-4d3e-84d1-ae6556032d86,unbooked.loans,available,17.48,144.98,medium,low,8,namecheap,,,12/09/2026 02:19
8794e84e-b285-44d8-b61e-3a6a0097470c,dietetic.loans,available,17.48,144.98,medium,low,8,namecheap,,,14/08/2026 06:56
e9c15d3e-f962-43db-87df-b72896a77710,achondrite.loans,available,20.99,116.99,medium,low,10,namesilo,,,17/09/2026 00:54
5aed68c2-f615-4bd7-b42b-6f52774c9763,areola.loans,available,17.48,144.98,medium,low,6,namecheap,,,20/09/2026 03:49
21f4b30a-500a-434a-8e83-28133b08c8a6,mocking.loans,available,17.48,144.98,medium,low,7,namecheap,,,14/08/2026 02:52
ee4652f6-98ac-47dd-a1b1-b5fd658430dd,relapsing.loans,available,17.48,144.98,medium,low,9,namecheap,,,09/09/2026 16:17
d873725c-a616-433e-92eb-d3afd061077b,clean.loans,available,20.99,116.99,high,low,5,namesilo,,,23/09/2026 15:39
a8689c1f-d16b-45b3-b1fe-f7157a49a470,veg.loans,available,19.99,,high,low,3,name.com,,,
16274ab0-b77b-4dd3-92d0-9e43a78f7170,arius.loans,available,20.99,116.99,medium,low,5,namesilo,,,20/09/2026 06:03
122d8c73-b3ba-4e41-bfc7-676956692291,infatuated.loans,available,17.48,144.98,high,low,10,namecheap,,,16/08/2026 21:11
9c30e082-2d5f-412c-8f79-29a3f5372fcf,rakes.loans,available,20.99,116.99,medium,low,5,namesilo,,,20/09/2026 22:29
11407434-1316-469b-9292-fa9be07c733d,apophasis.loans,available,17.48,144.98,medium,low,9,namecheap,,,19/09/2026 19:01
9b80b806-a884-4509-9c45-059f1ea874fa,actable.loans,available,17.48,144.98,medium,low,7,namecheap,,,
b7ca1ebb-d69a-44cd-ba46-761da7429e44,filmed.loans,available,17.48,144.98,high,low,6,namecheap,,,18/08/2026 04:25
1570d7bb-f175-45d7-a59b-e9a791114dd1,traverse.loans,available,17.48,144.98,high,low,8,namecheap,,,13/08/2026 07:58
5d288c3f-a69f-4137-a54e-5c70998837f1,abyssal.loans,available,17.48,144.98,medium,low,7,namecheap,,,
faa39c10-cbf1-4861-819b-1e2fca9880c2,agrology.loans,available,17.48,144.98,medium,low,8,namecheap,,,17/09/2026 19:36
eafe4b52-238b-4866-8b2d-f69b8a073d5f,weedy.loans,available,17.48,144.98,medium,low,5,namecheap,,,09/09/2026 23:44
03f90cb5-ef0c-4daa-98c2-6d85f570405a,monochrome.loans,available,17.48,144.98,high,low,10,namecheap,,,25/08/2026 04:59
969f3d0a-96c2-4172-adf6-add5b8f4e932,cordially.loans,available,17.48,144.98,high,low,9,namecheap,,,14/09/2026 08:43
544e2fb6-f7e5-4a9f-b636-9db6203fc13a,want.loans,premium,250,,high,low,4,name.com,,,
53a77cfd-9727-42e3-a35e-bfe7c5e19c4a,coastal.loans,available,17.48,144.98,high,low,7,namecheap,,,12/08/2026 14:10
728d685c-122d-4d2c-aedf-1865f4f3cd26,tubby.loans,available,17.48,144.98,medium,low,5,namecheap,,,08/09/2026 22:29
dacaa2e2-bc69-4960-9a02-df412c854725,work.loans,available,,,high,medium,4,,,,
8b50e713-807d-400b-8f5c-1c4c04cd6755,lucent.loans,available,17.48,144.98,high,low,6,namecheap,,,
fdaad645-d2ac-42e9-8476-8e3b0a131558,elder.loans,available,17.48,144.98,high,low,5,namecheap,,,16/08/2026 01:32
f4b1e13b-7551-423b-a5bb-711901d233f2,dispersive.loans,available,17.48,144.98,medium,low,10,namecheap,,,14/08/2026 07:12
a8e64410-0509-4277-9979-332e55ad118b,analgesic.loans,available,17.48,144.98,medium,low,9,namecheap,,,
28522f6c-bea3-4d3e-934e-476a9345177e,cleared.loans,available,20.99,116.99,high,low,7,namesilo,,,21/09/2026 14:48
c0ebb697-b984-4303-bfa0-b20f58363726,surfers.loans,available,20.99,116.99,medium,low,7,namesilo,,,20/09/2026 02:01
16df3f7d-4e17-41da-8b96-7bfd95b0345e,congratulations.loans,available,19.99,,high,low,15,name.com,,,
7aa5ae10-a562-4882-9a39-21abcfeacbb0,screech.loans,available,17.48,144.98,high,low,7,namecheap,,,09/09/2026 23:57
6c7170ef-a397-419b-b633-d034a72673b8,toffee.loans,available,17.48,144.98,high,low,6,namecheap,,,11/08/2026 04:53
6d1daa97-f946-43f7-8d5f-dd8c14c53325,variably.loans,available,20.99,116.99,medium,low,8,namesilo,,,16/09/2026 10:46
a2e788e1-dac0-4ea8-bfd7-1be2a067d918,officious.loans,available,17.48,144.98,medium,low,9,namecheap,,,11/08/2026 11:26
b902f369-313e-4df4-8f37-6e2905bfb3f8,concluding.loans,available,17.48,144.98,high,low,10,namecheap,,,19/09/2026 15:36
eff84c26-c0a2-4364-8a30-d33a207e35b9,untrue.loans,available,20.99,116.99,medium,low,6,namesilo,,,26/09/2026 03:18
fddf95c6-585a-4edf-a1ec-7267c8e8d5a1,trust.loans,resell,,,high,medium,5,Vautron Rechenzentrum AG,24/08/2016 09:53,24/08/2027 09:53,26/09/2026 09:47
53a2117f-ee39-4cea-b03a-de6d8696cc7b,panes.loans,available,19.99,,medium,low,5,name.com,,,
d4333ba6-63a7-48bc-a83c-78fa4d213b10,dictation.loans,available,20.99,116.99,high,low,9,namesilo,,,23/09/2026 13:35
856b5672-2eb8-4135-95ee-d5290c5ed7fe,skateboarding.loans,available,19.99,,high,low,13,name.com,,,
a02289d9-0902-4309-bdec-b092a58d8ac8,bubbling.loans,available,17.48,144.98,high,low,8,namecheap,,,11/08/2026 07:15
eb3a9ddb-a9c8-46e0-bb94-75328deb00be,michelson.loans,available,20.99,116.99,medium,low,9,namesilo,,,16/09/2026 12:52
5e66a949-7ec4-425a-a5fd-7b59cf103525,follower.loans,available,19.99,,high,low,8,name.com,,,
9be5a904-abd0-4970-93a4-5f8e076456b9,causes.loans,available,20.99,116.99,medium,low,6,namesilo,,,27/09/2026 09:34
c3ac7e9b-6e88-4034-b70d-dd5eb04d22b3,gratified.loans,available,17.48,144.98,high,low,9,namecheap,,,20/08/2026 18:24
1bc30a11-0c8a-4371-bb27-10ebb1e95351,bland.loans,available,20.99,116.99,medium,low,5,namesilo,,,22/09/2026 21:44
49a1c34e-3dc6-4df0-989c-3717e9bf1cde,oppose.loans,available,19.99,,high,low,6,name.com,,,
c860452a-294a-4d4d-9e8f-834aa89c0963,ambrosial.loans,available,17.48,144.98,medium,low,9,namecheap,,,
eb120c91-a219-409e-92f2-0e9e09364898,baronet.loans,available,17.48,144.98,high,low,7,namecheap,,,22/09/2026 07:28
31607872-b817-4e2d-878d-a1a5b1e17b29,weave.loans,available,19.99,,high,low,5,name.com,,,
eb09d4db-efef-4be3-bbf7-573a16c64ebd,weight.loans,available,17.48,144.98,high,low,6,namecheap,,,19/09/2026 19:07
378327f9-fd37-4b5d-8a5f-32ccb4cee0b2,empowering.loans,available,19.99,,high,low,10,name.com,,,
c9a8b518-f038-473b-8901-0445d24e4adb,boiling.loans,available,17.48,144.98,high,low,7,namecheap,,,14/09/2026 00:51
86e78a9e-37a6-4e70-94b0-e81b0a1cfded,aeriform.loans,available,17.48,144.98,medium,low,8,namecheap,,,
42bf3772-47e3-42c9-a046-9543e064ff59,highest.loans,available,17.48,144.98,medium,low,7,namecheap,,,25/09/2026 16:49
2c5a1c4a-80cd-4728-a1e1-1afe635865e9,ellison.loans,available,17.48,144.98,high,low,7,namecheap,,,27/09/2026 03:49
591f221a-1eea-4fa3-aa17-68eb6936b2fa,kurrat.loans,available,20.99,116.99,medium,low,6,namesilo,,,18/09/2026 11:14
daf618a8-66d2-4ab1-83bc-af1d03a1d170,lookout.loans,available,19.99,,high,low,7,name.com,,,
db8e5f81-99c4-40e8-b28f-7cad1883e70e,blare.loans,available,17.48,144.98,medium,low,5,namecheap,,,10/08/2026 13:12
c668c8ac-f1b8-4d19-8ae1-d35e9334e2b7,sorrowful.loans,available,17.48,144.98,medium,low,9,namecheap,,,10/09/2026 14:37
bc2b88e8-785b-458a-8488-d5ee5929f42b,accused.loans,available,19.99,,high,low,7,name.com,,,
7cc8bd47-a0f5-469a-8f7b-fdbc022cb66d,creepy.loans,available,17.48,144.98,high,low,6,namecheap,,,24/09/2026 01:42
a9662f12-3544-4d10-8179-081280dc1079,selling.loans,available,20.99,116.99,high,low,7,namesilo,,,25/09/2026 09:15
f3666173-b0ec-4ed7-9968-a0f399c1d696,cataphatic.loans,available,17.48,144.98,medium,low,10,namecheap,,,11/08/2026 21:04
2f1ba743-a3b1-4fa9-8e04-9f45ce8e62b9,stretches.loans,available,20.99,116.99,medium,low,9,namesilo,,,18/09/2026 07:56
48626d64-a557-437b-960c-b71a285f0e1d,unquiet.loans,available,17.48,144.98,medium,low,7,namecheap,,,12/09/2026 17:40
105637a5-7159-43ca-9107-19b6cdf18991,frisky.loans,available,17.48,144.98,high,low,6,namecheap,,,18/08/2026 16:02
db1708e6-21e9-4d8c-8024-a3319302d0e5,offensive.loans,available,17.48,144.98,high,low,9,namecheap,,,14/08/2026 22:05
a727de5a-c8b0-4ac9-abfe-ca2c67477477,rite.loans,available,17.48,144.98,high,low,4,namecheap,,,09/09/2026 18:03
a7d78b6a-8eb2-4ba8-9442-5b196075369b,worry.loans,available,19.99,,high,low,5,name.com,,,
230b2e00-8a00-4037-8c83-c75750c22f9d,jutland.loans,available,17.48,144.98,medium,low,7,namecheap,,,22/09/2026 15:18
96db6360-bf77-4b0c-b751-f6e2f0361009,stably.loans,available,20.99,116.99,high,low,6,namesilo,,,16/09/2026 06:43
0a5913ff-6bdf-4d34-8056-cfff045394eb,fascist.loans,available,17.48,144.98,medium,low,7,namecheap,,,17/08/2026 22:58
a59fc3b8-1010-453f-8fda-226c36080a10,apnea.loans,available,17.48,144.98,medium,low,5,namecheap,,,19/09/2026 18:04
28d22f13-128d-49c2-a6a8-d463e55d771c,motion.loans,available,19.99,,high,low,6,name.com,,,
30845617-45a7-419b-b8ca-237e95ee243f,pose.loans,available,17.48,144.98,high,low,4,namecheap,,,22/08/2026 21:29
6bea6bcb-f37a-48ef-81e6-51d49c43b5c0,antitoxic.loans,available,17.48,144.98,medium,low,9,namecheap,,,05/08/2026 19:55
e8212946-7579-4e3e-9f16-21c2f16114ed,dies.loans,available,20.99,116.99,medium,low,4,namesilo,,,25/09/2026 16:12
1e8064cd-1d61-4870-8e3d-dc28da5255a5,coalescing.loans,available,17.48,144.98,medium,low,10,namecheap,,,12/08/2026 13:53
2d757779-eb84-4fbc-9d82-ffc396051a16,stratified.loans,available,17.48,144.98,medium,low,10,namecheap,,,09/08/2026 06:36
7af20203-1f08-4f75-bb00-e3050d078172,infective.loans,available,17.48,144.98,medium,low,9,namecheap,,,22/08/2026 04:14
7812e336-41f2-446a-a435-4eea8a93d1b2,upstair.loans,available,17.48,144.98,medium,low,7,namecheap,,,12/09/2026 23:20
637c7c37-e529-4f2d-9906-3e4fd8d083f3,causally.loans,available,17.48,144.98,medium,low,8,namecheap,,,14/09/2026 06:01
421c8084-b435-496b-8440-97e1544250db,provisions.loans,available,17.48,144.98,high,low,10,namecheap,,,08/09/2026 08:15
bf7e42c0-f691-4042-b14e-36ff2c80229c,waggon.loans,available,17.48,144.98,high,low,6,namecheap,,,22/09/2026 19:02
e09026ff-5e17-4df7-ac58-006c752a5065,urinary.loans,available,17.48,144.98,medium,low,7,namecheap,,,12/09/2026 23:44
b5d52244-1bac-42e4-90d6-f929c4231543,bashful.loans,available,17.48,144.98,high,low,7,namecheap,,,08/08/2026 22:01
ad26dc39-b74c-4690-a230-2c43feaf6125,packed.loans,available,20.99,116.99,high,low,6,namesilo,,,25/09/2026 11:42
8f157e57-0f4e-4f16-befe-953da836cf49,pokey.loans,available,17.48,144.98,medium,low,5,namecheap,,,14/08/2026 07:36
7459d820-4114-44ca-a2d8-0869302f047c,catharsis.loans,available,17.48,144.98,high,low,9,namecheap,,,16/09/2026 17:03
f02e85d1-b584-49cc-8847-9680e577ad92,balls.loans,available,19.99,,high,low,5,name.com,,,
9470bff0-b50e-4ba7-bdc1-be4853437b34,aga.loans,available,20.99,116.99,high,low,3,namesilo,,,17/09/2026 15:58
e6558cff-3860-4aa0-8b40-e4ef5829bfe9,distinctly.loans,available,17.48,144.98,high,low,10,namecheap,,,14/09/2026 13:19
200c64a6-3a1e-4c03-9fe8-91549daa8d6d,faceted.loans,available,17.48,144.98,high,low,7,namecheap,,,17/08/2026 20:24
00391dfc-3aeb-4ea2-b27f-5c7408957452,wounded.loans,available,20.99,116.99,high,low,7,namesilo,,,25/09/2026 06:51
9e0c747e-acf5-48ef-b58c-eea22459b5b2,lipitor.loans,available,20.99,116.99,high,low,7,namesilo,,,21/09/2026 00:35
94f38c2f-724e-4b55-9086-7db211aa064f,coaches.loans,available,20.99,116.99,high,low,7,namesilo,,,20/09/2026 07:46
9217cf0f-1b7f-4619-a102-5373fdc358c0,marion.loans,available,20.99,116.99,high,low,6,namesilo,,,25/09/2026 14:37
cd2c37da-b40f-4d16-b699-4155541aef84,grindle.loans,available,17.48,144.98,medium,low,7,namecheap,,,18/09/2026 21:21
43e28408-231c-49c6-a972-c1778e19555e,stainless.loans,available,17.48,144.98,high,low,9,namecheap,,,10/09/2026 18:15
792705e1-0ca5-484d-ba59-130480f03067,prance.loans,available,17.48,144.98,high,low,6,namecheap,,,11/09/2026 05:09
1787fcdf-f0d5-48e3-b60b-0b91161766f7,sound.loans,resell,,,high,medium,5,"GoDaddy.com, LLC",14/04/2015 12:36,14/04/2027 12:36,26/09/2026 09:10
8e3484cc-23cf-45ef-87a7-4417d5bf21cd,cloth.loans,available,19.99,,high,low,5,name.com,,,
beb758f9-a0ff-4b1c-b420-45f7888bb872,belittling.loans,available,17.48,144.98,medium,low,10,namecheap,,,09/08/2026 13:10
9f5901f9-70a4-46e4-8205-1d67cb5557c3,degrees.loans,available,17.48,144.98,medium,low,7,namecheap,,,25/09/2026 17:04
8988296c-c751-47a7-af17-2f91db58e96e,malicious.loans,available,17.48,144.98,high,low,9,namecheap,,,24/08/2026 14:02
e794a9fa-fa01-4a3a-9c62-8e4340c73dae,serious.loans,available,20.99,116.99,high,low,7,namesilo,,,24/09/2026 23:04
a96af61d-87ca-40ed-a7b5-68923220a704,foxy.loans,available,17.48,144.98,high,low,4,namecheap,,,13/08/2026 04:30
e023f41f-bc00-4fa4-9079-ba2cd0250654,samples.loans,available,20.99,116.99,high,low,7,namesilo,,,20/09/2026 18:39
1c9beac5-ecb4-40ef-8fb3-b0ebf0649d54,proved.loans,available,20.99,116.99,high,low,6,namesilo,,,27/09/2026 07:48
9bcb793c-e9bb-4c94-9ab6-65eeb243e3b7,launches.loans,available,20.99,116.99,high,low,8,namesilo,,,21/09/2026 09:09
2742f191-6547-4e7f-a1e7-33705cf200f8,condom.loans,available,19.99,,high,low,6,name.com,,,
23c9bca6-8144-499f-bd46-f94c93ce9c87,lactating.loans,available,17.48,144.98,medium,low,9,namecheap,,,22/08/2026 18:18
b7c9b105-a8a0-45ae-9e5b-ff32f76dca6e,lusaka.loans,available,20.99,116.99,high,low,6,namesilo,,,24/09/2026 12:35
ea0f4662-3247-4d7e-ac70-87c03125b8b9,impartial.loans,available,17.48,144.98,high,low,9,namecheap,,,21/08/2026 21:45
9ae656b1-c7a6-4815-9797-9c55b2dc8114,hears.loans,available,20.99,116.99,medium,low,5,namesilo,,,18/09/2026 07:47
6d0eec5c-24e9-4bcf-baa3-85198b70c5f9,ballock.loans,available,20.99,116.99,medium,low,7,namesilo,,,21/09/2026 23:03
d43a661a-657d-42c4-8824-b30eae275508,hothead.loans,available,19.99,170.99,medium,low,7,name.com,,,13/08/2026 17:45
0f0a21d5-8fc6-4f2b-8441-841ad4996fd2,potential.loans,available,20.99,116.99,high,low,9,namesilo,,,27/09/2026 04:46
b30d5492-7580-4cf5-a016-6b213beefbce,trail.loans,available,20.99,116.99,high,low,5,namesilo,,,25/09/2026 22:13
fc90dbdb-fbb8-4405-b5e9-8d3936af3d34,absolution.loans,available,17.48,144.98,high,low,10,namecheap,,,16/09/2026 17:57
c212b3be-a945-40db-be1a-347890738840,rarefied.loans,available,17.48,144.98,medium,low,8,namecheap,,,17/08/2026 15:44
f27cadcb-a58b-4e8a-a50f-988b9a216718,compositae.loans,available,20.99,116.99,medium,low,10,namesilo,,,20/09/2026 17:02
c15ace90-7af2-4046-af2b-9e8362ccbd18,abashed.loans,available,17.48,144.98,medium,low,7,namecheap,,,
ac33edd6-a2b7-45b2-9cc5-0dd81baf50f4,legitimate.loans,available,17.48,144.98,high,low,10,namecheap,,,22/08/2026 23:04
7bbd7fce-48e2-4126-8b84-747e6a3cd9b6,hottish.loans,available,17.48,144.98,medium,low,7,namecheap,,,21/08/2026 14:20
72f330c4-b92e-46e5-9384-874f5b3d89e8,heaps.loans,available,17.48,144.98,high,low,5,namecheap,,,14/09/2026 23:17
4ff0d969-5185-4e3c-af49-183261d64920,ovine.loans,available,17.48,144.98,medium,low,5,namecheap,,,04/09/2026 22:07
c4ed87fb-2ca6-4a90-8dd1-c0d74f3669f7,actinia.loans,available,17.48,144.98,medium,low,7,namecheap,,,17/09/2026 04:43
6a8ffe25-ccb7-4dfe-904a-afbf07f0e781,lodge.loans,available,19.99,,high,low,5,name.com,,,
6c1ab967-9b43-4570-b031-766a12518a61,tables.loans,available,20.99,116.99,high,low,6,namesilo,,,27/09/2026 02:00
2717ee69-db3a-47dc-af6e-f4a9fd6f7686,granth.loans,available,20.99,116.99,medium,low,6,namesilo,,,17/09/2026 08:05
f732ec09-1e40-4e94-979c-5172759e6ec6,cherub.loans,available,20.99,116.99,high,low,6,namesilo,,,24/09/2026 14:18
1d457a71-f4c3-463c-a6ca-e4e2659585e5,upward.loans,available,19.99,,high,low,6,name.com,,,
e15a8be6-6eb0-4de3-a3d9-6f07f589b18b,congruous.loans,available,17.48,144.98,high,low,9,namecheap,,,12/08/2026 21:56
dc3d29a6-aff5-4b2d-974e-dc25bc975131,archerfish.loans,available,20.99,116.99,medium,low,10,namesilo,,,20/09/2026 01:56
4d2f79df-8947-45cc-8339-f2f64cf2045e,phones.loans,available,20.99,116.99,high,low,6,namesilo,,,20/09/2026 09:31
ae293ad1-e4a5-4dad-bd02-0c58e87e1e0d,nassau.loans,available,19.99,,high,low,6,name.com,,,
e116a399-9ad7-4f22-a79f-7032364725d9,molto.loans,available,17.48,144.98,medium,low,5,namecheap,,,15/09/2026 15:19
39edbae4-7acf-4ddf-adcd-eada77c1c1ff,amsterdam.loans,available,20.99,116.99,high,low,9,namesilo,,,19/09/2026 00:08
8cef99d3-0297-44d5-b7d4-a2a47da9fb09,georgetown.loans,available,20.99,116.99,high,low,10,namesilo,,,25/09/2026 16:59
78585560-31f0-4637-b615-89f23c2835ee,webbed.loans,available,17.48,144.98,medium,low,6,namecheap,,,03/09/2026 16:04
bdf0c2f0-8a1f-48ea-bb25-c7c14ae5d4f1,prices.loans,available,19.99,,medium,low,6,name.com,,,
29323b8e-c44f-4495-af84-eea7aae210c8,preston.loans,available,17.48,144.98,high,low,7,namecheap,,,25/09/2026 20:01
c4332676-83d1-4839-878c-386f76bb798e,cetaceous.loans,available,17.48,144.98,medium,low,9,namecheap,,,12/08/2026 01:04
3e537bbc-87f9-4924-94fa-fb0ebd612289,jesse.loans,available,20.99,116.99,high,low,5,namesilo,,,25/09/2026 12:07
65caebc4-a9b6-4458-b30c-920caa3e74c4,liii.loans,available,17.48,144.98,medium,low,4,namecheap,,,
7e36bea7-3ec6-4bfb-ad18-ce60d82a4e49,apologetic.loans,available,17.48,144.98,high,low,10,namecheap,,,06/08/2026 02:07
977d38b1-b55d-48c8-963d-8659474f9ff7,tomboy.loans,available,19.99,,high,low,7,name.com,,,
bea24f39-61a4-4dce-8fa2-9ad88aabb7e0,report.loans,available,19.99,,high,low,6,name.com,,,
338326f0-73db-4a5c-b445-3fafe6b18a1a,rostrum.loans,available,20.99,116.99,high,low,7,namesilo,,,18/09/2026 17:15
56db4a0e-aa6d-4805-bd67-d3549d4b390b,evelyn.loans,available,20.99,116.99,high,low,6,namesilo,,,25/09/2026 14:39
52e4a7ca-c588-4f54-932b-00af2048ce18,belongs.loans,available,17.48,144.98,medium,low,7,namecheap,,,25/09/2026 20:38
3413d535-a3ac-4d75-931e-00bbab4e4939,prosily.loans,available,17.48,144.98,low,low,7,namecheap,,,15/09/2026 21:46
8d276cb9-04c3-48a1-9ee1-14a742b06050,smashed.loans,available,17.48,144.98,medium,low,7,namecheap,,,09/08/2026 15:50
cdb2c86b-f4f8-41e9-b2f3-e75295acfe9b,diminished.loans,available,17.48,144.98,medium,low,10,namecheap,,,07/08/2026 15:00
0a8842ab-dfae-49e5-9850-3ec9681e59d2,unmediated.loans,available,17.48,144.98,medium,low,10,namecheap,,,12/09/2026 15:32
2ddef476-00ac-4f85-90c6-6e86715ddde6,weekend.loans,available,20.99,116.99,high,low,7,namesilo,,,26/09/2026 00:30
04206066-5cc7-438d-810c-2f7d4e704437,cracking.loans,available,17.48,144.98,high,low,8,namecheap,,,08/08/2026 12:25
3679e927-e61c-420a-8178-104092b9bed2,alarming.loans,available,17.48,144.98,medium,low,8,namecheap,,,
88a7560c-a6ae-4363-a905-05171d971fa7,questioner.loans,available,20.99,116.99,medium,low,10,namesilo,,,20/09/2026 14:25
9d4e6974-5e71-43bd-b08f-6df4ff951733,difference.loans,available,19.99,,high,low,10,name.com,,,
ecf9f5c7-fdbe-41b5-aed8-8b5b121ebf37,memorable.loans,available,17.48,144.98,high,low,9,namecheap,,,25/09/2026 19:29
dc0cca4e-e58e-40e9-b46e-77b426d5cc48,connection.loans,available,19.99,,high,low,10,name.com,,,
96bc8388-0e9c-4fa0-9bb6-f438b16d1e3d,banneret.loans,available,20.99,116.99,medium,low,8,namesilo,,,22/09/2026 02:54
20d27d66-9b89-4bbb-9e4e-11ab770fea5f,bias.loans,available,17.48,144.98,medium,low,4,namecheap,,,09/08/2026 18:35
62bbd69b-54e1-4ea1-9796-9e50ed9caca5,mousey.loans,available,17.48,144.98,medium,low,6,namecheap,,,25/08/2026 08:44
0b7209ef-7f09-42e6-80f9-75da4073deb2,anodic.loans,available,17.48,144.98,high,low,6,namecheap,,,
caa44179-637b-4aed-8f63-536b7ec201fc,plait.loans,available,19.99,170.99,high,low,5,name.com,,,24/09/2026 07:55
e46984d0-dd0b-46e3-8edf-3b01ce9547e5,issus.loans,available,20.99,116.99,medium,low,5,namesilo,,,22/09/2026 15:11
ed58dab6-30b2-4c3b-ad25-95e68e4ddea5,robbery.loans,available,17.48,144.98,high,low,7,namecheap,,,25/09/2026 09:07
02140a5a-da74-420c-9240-e39ac4d07270,rightish.loans,available,17.48,144.98,medium,low,8,namecheap,,,09/09/2026 17:35
bec2610c-584a-4679-9db0-33f53a51cf85,mothafucka.loans,available,19.99,,medium,low,10,name.com,,,
56eebe07-2f6b-47b1-bcb1-9d08806044f4,ellen.loans,available,19.99,,high,low,5,name.com,,,
287e6649-50ce-42cc-adce-83c9f5acd85d,customs.loans,available,20.99,116.99,high,low,7,namesilo,,,24/09/2026 20:42
31c57a0b-cd1a-451a-944a-de49a5e0c488,llb.loans,available,20.99,116.99,high,low,3,namesilo,,,21/09/2026 14:13
83acd0cc-8cef-498e-b71e-a69f19a8e379,hide.loans,available,20.99,116.99,high,low,4,namesilo,,,24/09/2026 17:32
429856af-9272-4014-b5ef-0051c5a3a7b4,privily.loans,available,17.48,144.98,medium,low,7,namecheap,,,15/09/2026 21:31
35de741c-71fa-4211-9e2a-d7be55c2ebab,tashkent.loans,available,20.99,116.99,high,low,8,namesilo,,,24/09/2026 12:32
f54a7041-3d45-43bf-af52-29f2308cf5a6,babylon.loans,available,20.99,116.99,high,low,7,namesilo,,,21/09/2026 13:50
b9d08835-eb6a-424d-aba8-07fed32c3dae,apothecium.loans,available,20.99,116.99,medium,low,10,namesilo,,,19/09/2026 19:43
461032a4-c969-4e19-9d09-34920ad8a8a6,sing.loans,available,19.99,,high,low,4,name.com,,,
25f2548f-4036-4387-8dad-b9db2bf8e353,discontent.loans,available,17.48,144.98,high,low,10,namecheap,,,14/08/2026 09:59
72db86c4-b48b-454c-bc40-81e20c1870a0,grumpy.loans,available,17.48,144.98,medium,low,6,namecheap,,,08/08/2026 07:57
ae53c476-fe8f-4904-9196-d915dbb90a28,remedial.loans,available,20.99,116.99,high,low,8,namesilo,,,22/09/2026 02:24
52c76c5e-6ead-4090-a2e3-06f8822650bc,bahai.loans,available,17.48,144.98,high,low,5,namecheap,,,08/08/2026 08:27
79484f45-de79-40f8-a792-5331f50a6de4,forget.loans,available,19.99,,high,low,6,name.com,,,
627a8d7b-e77b-4a7b-8b2a-3d66e940a57d,embryonic.loans,available,17.48,144.98,medium,low,9,namecheap,,,16/08/2026 13:28
21503e00-0ae8-4754-b19f-c74a037ee0c8,fours.loans,available,20.99,116.99,high,low,5,namesilo,,,20/09/2026 08:08
80598470-4806-4bf4-b3a8-fcdbcf12d24d,stemmed.loans,available,17.48,144.98,high,low,7,namecheap,,,11/08/2026 22:33
966b96b0-4a4a-49f9-9a07-061c948147e3,scanners.loans,available,20.99,116.99,medium,low,8,namesilo,,,19/09/2026 22:09
d84fb4a6-d8ab-4e64-a324-346c6bf9200b,palatable.loans,available,17.48,144.98,high,low,9,namecheap,,,04/09/2026 23:15
2b21e0d0-5a19-457e-81f9-18d1d988ef44,bartholin.loans,available,19.99,170.99,medium,low,9,name.com,,,22/09/2026 09:14
c3b96ae9-7178-4f3c-893e-ce0ff1da6709,throat.loans,available,20.99,116.99,high,low,6,namesilo,,,26/09/2026 00:01
3e04aa30-9e9a-45d0-9d71-c189deffa7ed,alien.loans,available,17.48,144.98,high,medium,5,namecheap,,,
4cc299ee-01bf-43c7-85d1-a94476a07a97,greed.loans,available,17.48,144.98,high,low,5,namecheap,,,21/09/2026 08:43
07ef1c23-92a6-4388-b1df-05a9d323c2c1,inhabitant.loans,available,20.99,116.99,high,low,10,namesilo,,,24/09/2026 21:51
d64254cf-c367-4cce-95b2-feb98bf3819d,heal.loans,available,19.99,,high,low,4,name.com,,,
f2abf8f9-20b8-4165-8e6e-0db3e0537ba6,mud.loans,available,20.99,116.99,high,low,3,namesilo,,,25/09/2026 09:31
8657bb00-b545-4458-a93a-c03a9104b513,intent.loans,available,17.48,144.98,high,low,6,namecheap,,,
bc6af30d-b685-40b8-9b8a-df15dba9eaf7,groovy.loans,available,17.48,144.98,high,low,6,namecheap,,,08/08/2026 12:35
3159bdc3-0b50-454a-8fb3-44d75ae4ed87,hinterland.loans,available,20.99,116.99,high,low,10,namesilo,,,21/09/2026 14:33
957b38f0-1d03-4c64-9a12-8385bbb22151,bestowal.loans,available,20.99,116.99,high,low,8,namesilo,,,23/09/2026 10:39
174a2cd0-6ced-4026-aa10-12607c437f14,richelieu.loans,available,20.99,116.99,medium,low,9,namesilo,,,20/09/2026 06:31
4ee3af5e-14fa-43d7-9247-a9edfc2857c0,arbalist.loans,available,20.99,116.99,medium,low,8,namesilo,,,20/09/2026 00:35
b3258a96-e0d7-42d8-a0f2-5258942ab980,battle.loans,available,20.99,116.99,high,low,6,namesilo,,,22/09/2026 14:39
5f214961-0b97-44b4-83f3-2c81ac69f212,indignant.loans,available,17.48,144.98,medium,low,9,namecheap,,,22/08/2026 00:59
c5b31647-ea5f-4ae6-9170-ce71abdeab22,condolence.loans,available,19.99,,high,low,10,name.com,,,
d6da182c-65ce-497b-8bba-b1bf98101270,stupe.loans,available,17.48,144.98,medium,low,5,namecheap,,,10/09/2026 23:06
1a4644ca-aa08-4cc9-ad43-8f580b391e4f,unvalued.loans,available,17.48,144.98,medium,low,8,namecheap,,,12/09/2026 22:02
eea69454-79c4-4d5f-a75c-adf9f4f8be1b,receive.loans,available,19.99,,high,low,7,name.com,,,
0f32bd27-fc1f-4a3c-b2a1-5ce688585d0b,emeer.loans,available,17.48,144.98,medium,low,5,namecheap,,,18/09/2026 18:00
0d3e8fa5-84a0-4fe2-9608-60832feaeea2,underfoot.loans,available,20.99,116.99,medium,low,9,namesilo,,,16/09/2026 09:56
a788a86b-0ecf-4644-97ba-0fb77a0e52cc,necessarily.loans,available,19.99,,high,low,11,name.com,,,
88a8c70c-f6e6-4669-a3e3-c958395543e5,overcast.loans,available,17.48,144.98,high,low,8,namecheap,,,12/08/2026 12:29
73c74777-fff2-49e5-8df2-6acd8f43b36e,stir.loans,available,20.99,116.99,high,low,4,namesilo,,,17/09/2026 09:23
bd76e1f9-04b6-424c-afd0-c2c73c880772,qualification.loans,available,19.99,,high,low,13,name.com,,,
b4f1bc1a-7f82-4849-a536-fd7cc43bbabd,inverted.loans,available,17.48,144.98,medium,low,8,namecheap,,,
0186083b-7bc1-48b5-9ed5-a9bd48132267,irritated.loans,available,17.48,144.98,medium,low,9,namecheap,,,
7b0b0838-9220-4eac-ab9e-0b4376cd7c43,breadfruit.loans,available,20.99,116.99,high,low,10,namesilo,,,20/09/2026 11:57
0a58115e-41b6-4ddb-885d-1d4a594ca99e,arctium.loans,available,20.99,116.99,medium,low,7,namesilo,,,20/09/2026 02:49
1ccf7dd7-755a-4a20-ae06-fad6352426c3,talisman.loans,available,20.99,116.99,high,low,8,namesilo,,,19/09/2026 00:12
27c5746f-4a3f-4aef-825e-4047122a5022,tannenberg.loans,available,20.99,116.99,medium,low,10,namesilo,,,22/09/2026 16:05
a70bf0e0-f884-4b32-9586-4c7b0b31203d,masterless.loans,available,17.48,144.98,medium,low,10,namecheap,,,24/08/2026 09:55
97c5efa0-3115-4c42-9cdc-e3e271dc187c,algid.loans,available,17.48,144.98,medium,low,5,namecheap,,,
593a4adb-d70f-44f3-a34c-5f4f8563b10c,perfidious.loans,available,17.48,144.98,medium,low,10,namecheap,,,08/09/2026 16:31
e1064238-6080-4a98-9af7-d9f514b666e8,gorge.loans,available,17.48,144.98,medium,low,5,namecheap,,,23/09/2026 17:20
eb5c0c7b-359b-4393-bbe3-282a869c11d3,meals.loans,available,20.99,116.99,high,low,5,namesilo,,,18/09/2026 16:02
2ad7b57b-ae1c-4808-bc78-04f9e7021f18,impatient.loans,available,17.48,144.98,medium,low,9,namecheap,,,21/08/2026 21:53
9cf87bc0-9b8c-4d6a-8293-c6db9787ef87,picture.loans,available,20.99,116.99,high,low,7,namesilo,,,24/09/2026 16:54
4831275c-f28e-436e-879a-9044607c6f01,detestable.loans,available,17.48,144.98,medium,low,10,namecheap,,,
c3fa0b66-2908-46ff-b090-a6ce9a788c28,cellar.loans,available,20.99,116.99,high,low,6,namesilo,,,22/09/2026 10:16
57a27fb8-09d0-46d2-a194-98cc156001dc,chargeable.loans,available,17.48,144.98,high,low,10,namecheap,,,12/08/2026 02:27
8c111068-30fd-49c2-8840-53fb3b5f036b,proportion.loans,available,19.99,,high,low,10,name.com,,,
a4ebbfe8-069b-4860-99fa-c68d9e0a2bb0,monegasque.loans,available,17.48,144.98,medium,low,10,namecheap,,,25/08/2026 04:03
de5a157b-f323-4573-9f66-fb87cfa4feb0,crows.loans,available,20.99,116.99,high,low,5,namesilo,,,20/09/2026 17:41
b2fa3c83-504f-4f17-b1d2-10d5a9f23bb3,inmost.loans,available,17.48,144.98,medium,low,6,namecheap,,,22/08/2026 05:51
057691cb-228f-4435-ad50-186ac7c5a75d,biface.loans,available,17.48,144.98,medium,low,6,namecheap,,,09/08/2026 19:55
7a224952-652a-4737-a162-df4bb86a9012,alliance.loans,available,20.99,116.99,high,low,8,namesilo,,,18/09/2026 07:42
1b4e11ae-1e45-49b1-8d43-bf1959338f7c,bathymetry.loans,available,20.99,116.99,medium,low,10,namesilo,,,22/09/2026 13:55
4884976f-c193-4d73-afa4-49876720f39a,vagrant.loans,available,17.48,144.98,high,low,7,namecheap,,,14/08/2026 19:18
12113738-6c3d-4e17-ab5c-d6c55e961ea6,misplaced.loans,available,17.48,144.98,medium,low,9,namecheap,,,25/08/2026 01:32
433bcd8c-3573-4bf1-acc5-da33475a1214,biscuit.loans,available,17.48,144.98,high,low,7,namecheap,,,23/09/2026 21:32
83420a11-ab7a-4491-abb4-4e75dedc84f9,kim.loans,available,17.48,144.98,high,low,3,namecheap,,,25/09/2026 19:17
5c8dc482-9c47-47e0-9aef-bde5d479b928,belch.loans,available,20.99,116.99,medium,low,5,namesilo,,,23/09/2026 04:34
0a2c5650-dbd6-42cf-84ce-d72e4c7e5834,amplifying.loans,available,20.99,116.99,medium,low,10,namesilo,,,17/09/2026 20:45
1871b437-1912-4362-b7c4-287d5adfed9c,evidenced.loans,available,17.48,144.98,high,low,9,namecheap,,,17/08/2026 15:00
ae03dafa-22fc-4bbf-9129-52a115aed4d0,routinely.loans,available,17.48,144.98,medium,low,9,namecheap,,,16/09/2026 00:11
63e5e5c8-88d1-4b62-bbff-9d76ba7787c5,indigene.loans,available,17.48,144.98,medium,low,8,namecheap,,,03/09/2026 13:49
850f8782-b2b6-49bd-9fe7-9de7138d0cfb,crummy.loans,available,17.48,144.98,medium,low,6,namecheap,,,11/08/2026 09:02
081d4fb4-d1f2-4e0a-80f0-054b494db393,automaton.loans,available,20.99,116.99,high,low,9,namesilo,,,21/09/2026 07:00
e82bbdb3-574b-40a8-ae53-034e121d49c2,cement.loans,available,19.99,,high,low,6,name.com,,,
fb0dc6e7-dcbc-4f96-9326-53d46e9cc6fe,depot.loans,available,17.48,144.98,high,low,5,namecheap,,,11/09/2026 11:49
7462fbc8-919f-4447-8631-28260c3ec1d7,romish.loans,available,17.48,144.98,medium,low,6,namecheap,,,05/09/2026 01:30
d214fa5c-e3d2-447e-81ed-f90710c11e40,boldface.loans,available,17.48,144.98,high,low,8,namecheap,,,10/08/2026 17:43
4d1fa5d1-c81d-49f2-a79f-37d137de1a3d,bandwagon.loans,available,20.99,116.99,high,low,9,namesilo,,,22/09/2026 01:35
24d6b7d7-3189-4eba-8b24-1317c47472f4,quizzical.loans,available,17.48,144.98,medium,low,9,namecheap,,,09/09/2026 08:39
211eda73-0f11-4467-a7e9-799da8b2159f,blackwood.loans,available,20.99,116.99,medium,low,9,namesilo,,,24/09/2026 03:25
5277f6b2-230e-4374-84ba-79b8f3b17333,atropa.loans,available,20.99,116.99,medium,low,6,namesilo,,,21/09/2026 00:54
caef3a4c-7f7d-4cb8-9522-c2d693719923,scrape.loans,available,20.99,116.99,high,low,6,namesilo,,,16/09/2026 16:59
39138a57-4f0b-4538-ab77-f86a9b75ea02,bargee.loans,available,17.48,144.98,medium,low,6,namecheap,,,22/09/2026 05:47
3c330f2e-0437-428f-9418-d77e1f6485aa,thermic.loans,available,17.48,144.98,medium,low,7,namecheap,,,11/08/2026 15:05
be2a4715-7ca1-4093-8a1b-0bd6e2a8a875,uninspired.loans,available,17.48,144.98,medium,low,10,namecheap,,,12/09/2026 13:05
f2335868-3f9d-482d-8afa-0cbd86150787,antarctic.loans,available,17.48,144.98,high,low,9,namecheap,,,
ff702e4c-f184-49ab-92f1-4eb7d79e744c,avo.loans,available,17.48,144.98,high,low,3,namecheap,,,21/09/2026 09:36
80c7ec9d-866e-4b7c-a41a-9edff62f04dc,clarion.loans,available,17.48,144.98,high,low,7,namecheap,,,12/08/2026 09:38
7e2fdadd-0c4f-4d85-9dd6-9519f158fb4b,baisa.loans,available,19.99,170.99,high,low,5,name.com,,,21/09/2026 19:36
a4e71362-47ad-4bd4-b249-f58ef97746c6,restriction.loans,available,19.99,,high,low,11,name.com,,,
a7228170-bc39-4ae9-a277-7b795a485ea0,peregrine.loans,available,17.48,144.98,medium,low,9,namecheap,,,25/08/2026 02:20
ee1b08d6-b6b1-46b6-922b-e3432a3566a1,eminent.loans,available,17.48,144.98,high,low,7,namecheap,,,16/08/2026 15:06
929fc199-f404-4bc3-b153-c06fa6d54218,sunburnt.loans,available,17.48,144.98,medium,low,8,namecheap,,,11/09/2026 01:48
8e42411e-f5bd-49f3-959b-256824534511,taunt.loans,available,17.48,144.98,medium,low,5,namecheap,,,11/09/2026 09:13
509ffd5e-ddfc-46fc-9a4c-305737ec8c3b,chaff.loans,available,17.48,144.98,medium,low,5,namecheap,,,22/08/2026 13:50
191fca69-52fb-40c1-8cf9-147c64eee640,nicely.loans,available,17.48,144.98,high,low,6,namecheap,,,15/09/2026 16:32
0f0feef7-820c-4c8d-907f-8a6908dd4d8b,economic.loans,available,17.48,144.98,high,low,8,namecheap,,,24/09/2026 13:22
389fc097-c76a-4ece-b394-429171b2d302,greens.loans,available,19.99,,high,low,6,name.com,,,
889d5a9d-9f61-422f-ae89-9a2f7ffc2c92,windswept.loans,available,17.48,144.98,medium,low,9,namecheap,,,13/09/2026 12:16
d82eb42a-a840-430c-a355-d2a4367fa3be,enumerate.loans,available,17.48,144.98,high,low,9,namecheap,,,03/09/2026 22:58
b372bb08-0b4b-4f92-8efe-f0a05e854993,sued.loans,available,19.99,,low,low,4,name.com,,,
4e603c39-c7a3-4e5f-87d3-2c4ac6e0ec22,drugstore.loans,available,20.99,116.99,high,low,9,namesilo,,,19/09/2026 19:43
f5070d68-6e9b-444d-b020-905d512aaa0b,scaphoid.loans,available,17.48,144.98,medium,low,8,namecheap,,,03/09/2026 14:11
3a30ee0d-f34d-42bb-9f7f-6de1358aa138,stretch.loans,available,17.48,144.98,high,low,7,namecheap,,,21/09/2026 20:13
7569fa73-ab1c-43ef-b2ae-e34b0678a306,revered.loans,available,19.99,,high,low,7,name.com,,,
c27553b6-44d2-42d7-bcf0-6699c2f9dd3d,operation.loans,available,20.99,116.99,high,low,9,namesilo,,,25/09/2026 04:49
e185b71c-9473-44d7-9064-c36fa004109e,francois.loans,available,20.99,116.99,high,low,8,namesilo,,,27/09/2026 07:39
fe56fa4f-3c25-4f21-b2ca-aa94c43924d9,starts.loans,available,19.99,,medium,low,6,name.com,,,
3712c7b6-4132-4cd6-b738-fcb162a26f9e,deposition.loans,available,20.99,116.99,high,low,10,namesilo,,,24/09/2026 22:00
a1b577b9-ea07-4468-b87b-c142f52552b5,ardently.loans,available,17.48,144.98,medium,low,8,namecheap,,,13/09/2026 20:41
6856fb8b-5c5c-4569-b788-962786578332,aberration.loans,available,20.99,116.99,medium,low,10,namesilo,,,16/09/2026 15:14
a041aac8-2623-48f4-9a4e-02eade54d067,multiphase.loans,available,17.48,144.98,medium,low,10,namecheap,,,03/09/2026 10:50
b2b87072-9391-4f98-a745-d6d0f10f8d9d,trimmed.loans,available,17.48,144.98,high,low,7,namecheap,,,11/09/2026 20:02
f05a0d06-3485-4604-a83a-91d233e06b18,tour.loans,available,19.99,170.99,high,low,4,name.com,,,24/09/2026 22:26
b91ce431-50ad-4f34-91df-dea0298ad894,accordance.loans,available,20.99,116.99,high,low,10,namesilo,,,16/09/2026 23:00
55fa88e2-7810-410f-98b5-8c8e76b8064a,paced.loans,available,20.99,116.99,medium,low,5,namesilo,,,18/09/2026 10:44
1ece5c42-1579-4789-b2ed-b6d543d2d7bb,hess.loans,available,20.99,116.99,high,low,4,namesilo,,,27/09/2026 03:38
dc11c997-6efb-4dd5-86c3-905327f72975,firsthand.loans,available,17.48,144.98,high,low,9,namecheap,,,18/08/2026 05:27
638b62c8-2042-4fae-bd38-0c77569dc9c2,delineate.loans,available,17.48,144.98,high,low,9,namecheap,,,14/08/2026 00:39
15bab96e-3ef1-4294-b23f-323309862ebe,drumhead.loans,available,17.48,144.98,medium,low,8,namecheap,,,14/08/2026 20:15
e0355139-dff9-454c-9671-db48bcd018bc,humane.loans,available,20.99,116.99,high,low,6,namesilo,,,25/09/2026 06:31
5e61011f-3d33-4cfa-967f-7d34a30be738,pyrenees.loans,available,19.99,,high,low,8,name.com,,,
06136a3b-273e-4f41-a647-7ba6dbed19de,wagon.loans,available,19.99,,high,low,5,name.com,,,
b6095bb7-a1b0-44d5-bbde-584794ad52fb,shrubby.loans,available,17.48,144.98,medium,low,7,namecheap,,,18/08/2026 17:15
46dfff67-d951-430b-8849-9e298473e758,fearlessly.loans,available,17.48,144.98,high,low,10,namecheap,,,14/09/2026 10:44
63891485-da8e-4513-82c5-8fe67e94b283,apery.loans,available,20.99,116.99,medium,low,5,namesilo,,,19/09/2026 16:43
9339df3b-cfbb-43fe-96b5-17ba0bd589ef,acinus.loans,available,17.48,144.98,medium,low,6,namecheap,,,17/09/2026 01:46
ec8a4169-858a-46c3-acdc-a60c35bae59b,humans.loans,available,19.99,,high,medium,6,name.com,,,
f77403ae-7ab8-4148-905b-44b26adb1454,concealed.loans,available,17.48,144.98,high,low,9,namecheap,,,23/09/2026 18:33
7e1af987-885f-4d92-9fab-669a6321d47e,bionics.loans,available,20.99,116.99,high,low,7,namesilo,,,23/09/2026 18:40
37f5834f-6371-4757-9009-72171bdbc001,adulterate.loans,available,17.48,144.98,medium,low,10,namecheap,,,
d3e8aa36-fecb-418b-9b8b-f9b512c153ca,granola.loans,available,19.99,,high,low,7,name.com,,,
fc3ea1e4-99bb-45a7-b155-71079b846fab,nicaean.loans,available,17.48,144.98,medium,low,7,namecheap,,,03/09/2026 16:59
55731109-9ad5-4543-9eff-a6385d2d5a23,eastbound.loans,available,17.48,144.98,high,low,9,namecheap,,,14/08/2026 22:50
0c82c0a8-5816-4ed9-851b-663dfb392c98,diminishing.loans,available,19.99,,high,low,11,name.com,,,
e3ec1bb2-36c7-4e2a-b46a-a394160b9fde,prayed.loans,available,20.99,116.99,medium,low,6,namesilo,,,18/09/2026 02:41
0d4e5244-be00-4303-b35f-ecfd002f2681,york.loans,available,19.99,,high,low,4,name.com,,,
ab83d8a0-65ed-4953-9af5-62965e21f1bf,glimmery.loans,available,17.48,144.98,medium,low,8,namecheap,,,20/08/2026 14:28
44b47e10-0f00-4e73-922d-3d362dd4de05,unacceptable.loans,available,19.99,,medium,low,12,name.com,,,
1ed9a955-9a59-4b02-934e-4f3f21cc5d03,contextual.loans,available,17.48,144.98,high,low,10,namecheap,,,12/08/2026 23:13
d18a9b7d-e6f5-463b-acbd-3df9b7917eb7,stepaside.loans,available,20.99,116.99,medium,low,10,namesilo,,,16/09/2026 15:09
49e1cfad-c9a6-4609-9914-fab867594492,ampoule.loans,available,20.99,116.99,medium,low,7,namesilo,,,18/09/2026 23:49
1d51f424-bcf6-4ef6-bf36-e2d9aea647d5,delphian.loans,available,17.48,144.98,medium,low,8,namecheap,,,14/08/2026 00:48
60997ed6-94a0-46c4-a9bd-1b43ecb14b02,daunting.loans,available,19.99,170.99,medium,low,8,name.com,,,13/08/2026 18:48
85defb20-0d80-4cd9-b864-cd97aa1cc186,adh.loans,available,19.99,170.99,high,low,3,name.com,,,17/09/2026 07:56
f71a620c-032d-48b1-98d8-e1209418a469,castor.loans,available,17.48,144.98,medium,low,6,namecheap,,,18/09/2026 13:36
f97a74cd-f839-4936-9f40-e1d0aeaa2874,projecting.loans,available,17.48,144.98,high,low,10,namecheap,,,22/08/2026 14:48
f12a5d08-a6f2-4540-bf14-bb4b85f5e1d1,azote.loans,available,20.99,116.99,medium,low,5,namesilo,,,21/09/2026 11:27
6cad7009-0a8a-473e-bf3f-71bc62a67a6b,rebound.loans,available,20.99,116.99,high,low,7,namesilo,,,21/09/2026 15:40
9b0d921c-9ba2-4b61-ad3d-33987a4f1461,otis.loans,available,20.99,116.99,high,low,4,namesilo,,,25/09/2026 05:28
e747a855-e917-4e1c-8f6d-fa4c99edc2c5,kashmiri.loans,available,17.48,144.98,medium,low,8,namecheap,,,22/08/2026 15:07
6ab675e2-78ce-4937-92f4-3533e1f44f67,cockroach.loans,available,20.99,116.99,medium,low,9,namesilo,,,24/09/2026 16:13
db5b61fd-090b-4946-be18-46ea0c37b1b6,airedale.loans,available,20.99,116.99,high,low,8,namesilo,,,17/09/2026 23:08
328c4c88-eca7-4e09-bd55-ba537935525f,belting.loans,available,20.99,116.99,high,low,7,namesilo,,,23/09/2026 07:06
ccafe7fc-37cf-4308-aa65-2c1e5c92f8f1,disbelief.loans,available,20.99,116.99,high,low,9,namesilo,,,24/09/2026 22:29
110510ab-c3bc-40eb-993b-b1ee0f767f5b,hussein.loans,available,20.99,116.99,medium,low,7,namesilo,,,25/09/2026 07:40
061f91b7-7a97-4d8c-bef7-7431678c78e6,modesty.loans,available,19.99,,high,low,7,name.com,,,
e13950a2-6969-4b46-b712-edb259bee03e,boding.loans,available,17.48,144.98,medium,low,6,namecheap,,,18/08/2026 11:34
9ba12bd6-76fd-4e6c-8403-55f7aeff4c79,greensboro.loans,available,20.99,116.99,high,low,10,namesilo,,,27/09/2026 04:17
e3f41c92-1310-4078-a778-ef635347ae2e,cute.loans,available,20.99,116.99,high,low,4,namesilo,,,24/09/2026 03:46
10ac2980-537c-4f3e-9cf2-d8452a80eddd,research.loans,available,20.99,116.99,high,medium,8,namesilo,,,25/09/2026 09:00
cb179e57-b1ec-4bd3-bbb7-ce3ec3fe7779,nag.loans,available,20.99,116.99,high,low,3,namesilo,,,24/09/2026 16:35
0db9a3d9-96c3-4370-ab32-7e38d1aaa490,fantasm.loans,available,17.48,144.98,high,low,7,namecheap,,,08/09/2026 18:39
e385fe4e-df98-4f75-856e-acdb7b0579c0,prater.loans,available,20.99,116.99,medium,low,6,namesilo,,,21/09/2026 12:26
8446002f-576f-43ef-89cb-93d29004d72e,monogenic.loans,available,17.48,144.98,medium,low,9,namecheap,,,25/08/2026 05:13
444b535a-8388-4800-bc02-81ff8a5dfb76,orderly.loans,available,17.48,144.98,high,low,7,namecheap,,,03/09/2026 14:34
58397d60-a429-46e8-9e90-90b44aa2ec47,carolean.loans,available,17.48,144.98,medium,low,8,namecheap,,,11/08/2026 19:31
e7ce9f2e-b452-4629-9f3a-80e6f2349049,exclamation.loans,available,19.99,,high,low,11,name.com,,,
3011ff6e-d8de-466d-a9c1-b399694ae472,combat.loans,available,17.48,144.98,high,low,6,namecheap,,,24/09/2026 18:08
1bccbb4a-4343-4c1e-b65e-8b0c25fbd1b4,recalled.loans,available,20.99,116.99,medium,low,8,namesilo,,,18/09/2026 02:40
91a08250-c734-4b5f-b53a-bf18a4a29779,sedate.loans,available,17.48,144.98,high,low,6,namecheap,,,20/08/2026 18:40
cf8efaeb-6d46-45ab-9366-b2c6d658d016,licentious.loans,available,17.48,144.98,medium,low,10,namecheap,,,23/08/2026 00:56
08efca74-d1ba-4581-8f49-ef6f10f6a826,woeful.loans,available,17.48,144.98,medium,low,6,namecheap,,,17/08/2026 16:46
44ab19f3-2ba8-4918-8a1e-8fd0e6b1f4c8,paralyzed.loans,available,17.48,144.98,medium,low,9,namecheap,,,08/09/2026 01:29
00261655-2a9e-4180-bfdc-c484cd9c1ebc,return.loans,available,20.99,116.99,high,low,6,namesilo,,,19/09/2026 03:27
4b45b290-ab74-4c28-8bdd-32a9a23dda70,blocks.loans,available,20.99,116.99,high,low,6,namesilo,,,17/09/2026 21:52
aa8ef307-b2eb-4131-9309-043b24fbf433,psychic.loans,available,20.99,116.99,high,low,7,namesilo,,,27/09/2026 07:57
612e4d97-2304-409c-8d2b-c3aecfeff939,haversack.loans,available,20.99,116.99,high,low,9,namesilo,,,21/09/2026 14:43
f08d10cb-bccf-4f7d-a5f3-18922736997c,growing.loans,available,17.48,144.98,high,low,7,namecheap,,,19/09/2026 05:23
d736c755-850a-45bd-92f1-b1c8e63ceb60,dramatic.loans,available,20.99,116.99,high,low,8,namesilo,,,24/09/2026 12:04
72e5278a-292a-4ac2-b943-e3ecb6dfe31d,sharon.loans,available,20.99,116.99,high,low,6,namesilo,,,27/09/2026 06:30
7d7a173f-0aa3-427e-be28-bcf7f323d276,odorous.loans,available,17.48,144.98,medium,low,7,namecheap,,,04/09/2026 00:54
1e2b819a-78aa-42ad-9f61-597e0ca5482d,bellboy.loans,available,20.99,116.99,high,low,7,namesilo,,,23/09/2026 05:55
53de64c7-0291-40c8-8184-848809d9a5e3,panther.loans,available,19.99,,high,low,7,name.com,,,
0330f2a7-e1dc-4e81-8be1-b0111f60c637,quaternary.loans,available,17.48,144.98,medium,low,10,namecheap,,,
72fdf14d-e851-422e-b72c-3e4f43854acb,cathedra.loans,available,20.99,116.99,medium,low,8,namesilo,,,23/09/2026 21:50
f8d39c3a-ac4c-4ad1-9eec-4fea40fd162f,ain.loans,available,17.48,144.98,high,low,3,namecheap,,,
8fc84cb5-43fc-4e8f-a7a8-0e6d9d1646ee,maoist.loans,available,17.48,144.98,medium,low,6,namecheap,,,24/08/2026 15:38
b237e0c2-5bc1-41b9-98b4-33a6d82aafec,pressing.loans,available,20.99,116.99,high,low,8,namesilo,,,27/09/2026 05:26
2570a6b9-213b-4727-97a1-a1e93467fb19,analytics.loans,available,20.99,116.99,high,low,9,namesilo,,,25/09/2026 15:03
7505b113-fb83-4123-9211-14f5cfc0a87a,homeward.loans,available,17.48,144.98,high,low,8,namecheap,,,21/08/2026 11:22
a25945a2-8c39-4523-81d7-b6270e8c524e,brushed.loans,available,17.48,144.98,high,low,7,namecheap,,,11/08/2026 06:58
06f01fee-6905-4b6f-b03b-df693207922e,apogean.loans,available,17.48,144.98,medium,low,7,namecheap,,,06/08/2026 01:57
fe55feb1-0c0b-464f-a480-d03f06dea29b,atavism.loans,available,20.99,116.99,medium,low,7,namesilo,,,20/09/2026 19:45
bc84d7aa-11cc-4b82-b955-47606f3d6db5,baptist.loans,available,20.99,116.99,high,low,7,namesilo,,,22/09/2026 03:32
0a5dd929-8358-4781-8122-9766026e7e2e,tabby.loans,available,20.99,116.99,high,low,5,namesilo,,,23/09/2026 09:31
711daf8f-3325-4846-aa80-98e3faeaa64e,door.loans,available,20.99,116.99,high,low,4,namesilo,,,19/09/2026 10:21
f5af64c9-738f-4de4-89ab-09b376002094,electric.loans,available,20.99,116.99,high,low,8,namesilo,,,24/09/2026 13:44
db43c0d8-4694-4f74-b982-1cb0bd2539cc,narrowly.loans,available,17.48,144.98,medium,low,8,namecheap,,,15/09/2026 16:08
8096a782-117b-4bf4-b208-800c3f00c6ba,rimy.loans,available,17.48,144.98,medium,low,4,namecheap,,,09/09/2026 17:41
a410dd4e-7e80-478b-aa27-fab4393d454d,plentitude.loans,available,17.48,144.98,high,low,10,namecheap,,,15/09/2026 20:35
e103c05b-03cc-4eb6-8ffe-33b07a0d92b7,appearing.loans,available,17.48,144.98,high,low,9,namecheap,,,19/09/2026 20:25
4d25053a-a423-43c8-a27b-dec477f2e9dc,nobody.loans,available,19.99,,high,low,6,name.com,,,
88d4e4b1-1775-4023-ac1a-9a9937a0e148,antipode.loans,available,20.99,116.99,medium,low,8,namesilo,,,19/09/2026 14:58
6e7b4223-7844-49eb-8817-df220095a6d0,exhibit.loans,available,20.99,116.99,high,low,7,namesilo,,,27/09/2026 05:10
3951a560-bbb3-443a-9e41-8235b6df0388,briary.loans,available,17.48,144.98,medium,low,6,namecheap,,,08/08/2026 17:02
438b40ec-e243-4c4b-8592-a25478bcfc5b,elisabeth.loans,available,17.48,144.98,high,low,9,namecheap,,,25/09/2026 14:58
42fa3f70-a175-471d-8eeb-8d5518321728,backstop.loans,available,20.99,116.99,high,low,8,namesilo,,,21/09/2026 16:06
0df0cd0e-fafe-4e1b-b7a3-92ff8872a77e,fogy.loans,available,17.48,144.98,medium,low,4,namecheap,,,18/08/2026 13:08
2be5906e-ba74-4dac-9952-d175e31cc8bc,maintain.loans,available,19.99,,high,low,8,name.com,,,
29c2d52c-93a0-4542-8288-f78f1ef75a51,aboral.loans,available,17.48,144.98,medium,low,6,namecheap,,,
8214f4ea-ce24-4845-bb59-26ac9b40aa9e,flights.loans,available,20.99,116.99,high,low,7,namesilo,,,18/09/2026 23:36
6354f8a6-869e-455f-b000-580c0dbce222,iron.loans,available,20.99,116.99,high,low,4,namesilo,,,23/09/2026 13:11
cbbe992c-5f24-4e07-845a-adfef65c264d,wearing.loans,available,17.48,144.98,medium,low,7,namecheap,,,11/09/2026 16:26
9dd85cdf-bc40-467a-b452-5d0fb9ad0d50,ashore.loans,available,17.48,144.98,medium,low,6,namecheap,,,13/09/2026 22:07
40560b0d-1e65-470c-b8e4-1e00c76887b7,hep.loans,available,17.48,144.98,high,low,3,namecheap,,,21/08/2026 06:44
5e84b8dd-4d0d-49fa-9b44-702191ac98bc,santa.loans,available,19.99,,high,low,5,name.com,,,
68c4ae40-12b8-4bb4-b76c-a5c66367766b,dawdling.loans,available,17.48,144.98,medium,low,8,namecheap,,,11/09/2026 19:40
b90d2ff7-a207-4089-88b3-076ccd57a0b1,hon.loans,available,20.99,116.99,high,low,3,namesilo,,,25/09/2026 12:00
f88f7821-fbac-4a89-8806-058366031bf8,afghani.loans,available,17.48,144.98,high,low,7,namecheap,,,
d25d3606-ae77-4d04-a52b-13967aeefdf7,khaki.loans,available,17.48,144.98,high,low,5,namecheap,,,22/08/2026 15:47
f1555d5e-ab97-4ae5-bdce-4214938cad64,divert.loans,available,20.99,116.99,high,low,6,namesilo,,,24/09/2026 07:57
433ca194-0d7a-4e69-8a6a-b101541cd275,alimentary.loans,available,17.48,144.98,medium,low,10,namecheap,,,
113b765f-e71b-4422-b69b-7fb06825383c,syllabled.loans,available,17.48,144.98,medium,low,9,namecheap,,,11/09/2026 06:00
c8be1f47-7775-4d2e-b790-000fc55b599e,biplane.loans,available,,,high,low,7,,,,23/09/2026 19:18
0e292473-5e7e-4e1e-b231-b8344fa409d3,deficit.loans,available,19.99,,high,low,7,name.com,,,
02b727a2-b23e-47ec-aecd-c033adf4d034,stomachic.loans,available,17.48,144.98,medium,low,9,namecheap,,,18/08/2026 20:37
048347fd-c4fd-45ef-a23d-82428bd79169,correlate.loans,available,17.48,144.98,high,low,9,namecheap,,,23/09/2026 23:49
6f3a75cd-b7b4-424b-94a9-91faa8e83e18,scourge.loans,available,17.48,144.98,medium,low,7,namecheap,,,18/08/2026 06:16
994783ed-f68b-456a-8f69-e8873af12dc8,merry.loans,available,17.48,144.98,high,low,5,namecheap,,,11/08/2026 04:28
ad807c16-dda8-4de2-b49e-10dbb3a3fd6b,soissons.loans,available,20.99,116.99,medium,low,8,namesilo,,,22/09/2026 15:58
501c400d-749a-4c01-b1ff-80ce36caa61b,hirschfeld.loans,available,17.48,144.98,medium,low,10,namecheap,,,18/09/2026 01:20
7c21e3cf-de54-43b7-a259-74c3d8b36433,menus.loans,available,20.99,116.99,medium,low,5,namesilo,,,20/09/2026 09:20
666b3a7e-9ff5-4dce-812b-e88035946062,belonging.loans,available,20.99,116.99,high,low,9,namesilo,,,23/09/2026 06:53
dc438a53-8620-458f-9239-1df844e27952,glooming.loans,available,17.48,144.98,medium,low,8,namecheap,,,20/08/2026 14:41
0ef1f642-2167-48d0-b368-e1958fe45311,dismantled.loans,available,17.48,144.98,medium,low,10,namecheap,,,14/08/2026 01:22
080ce2a0-8c91-4f48-84a5-fb7604ad77e2,cnn.loans,available,19.99,,high,low,3,name.com,,,
5b5d6afb-a62f-4fc3-b94f-5f040af4ff98,tempting.loans,available,20.99,116.99,high,low,8,namesilo,,,22/09/2026 01:44
cc0f5209-1697-42f4-a3c1-56cbd86b92c0,prominence.loans,available,20.99,116.99,high,low,10,namesilo,,,24/09/2026 11:05
083604e4-d4d3-4dfb-ba30-e63dcf3747c4,amos.loans,available,20.99,116.99,high,low,4,namesilo,,,18/09/2026 22:51
6991b4fc-f7d9-4db3-9ee4-c9f625ee4333,cinnamon.loans,available,19.99,,high,low,8,name.com,,,
2c975736-d1e6-4a33-a69d-f715fa14128b,subnormal.loans,available,17.48,144.98,medium,low,9,namecheap,,,11/09/2026 00:28
f55b5323-b01b-47e1-b8da-158ebcc38d74,zoophagous.loans,available,17.48,144.98,low,low,10,namecheap,,,18/08/2026 07:58
d97cb633-1bf0-4544-8951-2188ce465b4a,flavorless.loans,available,17.48,144.98,medium,low,10,namecheap,,,10/08/2026 12:57
62826b1f-478a-4e74-b4a0-3bb1d6e4a271,lament.loans,available,17.48,144.98,high,low,6,namecheap,,,22/08/2026 15:25
1cb08b8a-2eec-4892-a5fa-faa2990c4334,prior.loans,available,20.99,116.99,high,low,5,namesilo,,,27/09/2026 06:07
15627612-d3c8-4546-93ff-9bcd43e6a91e,responsible.loans,available,17.48,144.98,high,low,11,namecheap,,,25/09/2026 11:15
de1f7945-3e75-47ff-a4d6-a029f41cc16f,migratory.loans,available,17.48,144.98,medium,low,9,namecheap,,,24/08/2026 22:49
23d23918-4af0-4837-95ba-d5df204fad51,respect.loans,available,17.48,144.98,high,low,7,namecheap,,,24/09/2026 21:15
bfb614b2-a60a-42eb-9f67-e8435fcf43a6,arisaema.loans,available,20.99,116.99,medium,low,8,namesilo,,,20/09/2026 05:35
47c92dbf-4f55-41e3-9175-542b507b47ec,cellphone.loans,available,20.99,116.99,high,low,9,namesilo,,,24/09/2026 13:27
64cceee0-108d-43ba-9f72-18b6dcd66029,eiffel.loans,available,20.99,116.99,high,low,6,namesilo,,,18/09/2026 05:59
33289f5f-d66b-4dca-ab4d-d258fcdf24e2,hammond.loans,available,20.99,116.99,high,low,7,namesilo,,,25/09/2026 12:21
ac07d5ed-8431-4ec0-acab-2c34c9717c41,blackcap.loans,available,17.48,144.98,medium,low,8,namecheap,,,23/09/2026 23:42
c1afafdd-2fac-457d-bac9-ab6305ee2ef9,blacktop.loans,available,20.99,116.99,medium,low,8,namesilo,,,24/09/2026 03:24
ee052f67-524a-406f-bc70-7277b5c095f6,highbrow.loans,available,17.48,144.98,high,low,8,namecheap,,,21/08/2026 09:09
83d3ac8f-93ec-4397-9fca-e1470823eadb,modestly.loans,available,17.48,144.98,high,low,8,namecheap,,,15/09/2026 15:13
6d2afa04-4465-4732-9a28-e7a702d87773,reverend.loans,available,17.48,144.98,high,low,8,namecheap,,,09/09/2026 16:06
b48f23c6-72a5-40ae-9520-3696033bf9cb,loud.loans,available,17.48,144.98,high,low,4,namecheap,,,24/09/2026 19:25
64368d59-8aa2-40ba-87a7-ce781cf2cb5e,caledonia.loans,available,20.99,116.99,high,low,9,namesilo,,,27/09/2026 03:27
af9d1abc-64f1-43e8-8b91-10ea77e77128,grown.loans,available,17.48,144.98,high,low,5,namecheap,,,08/09/2026 15:16
2ba3191c-31fb-4d21-a1e9-84a9062cccee,underwater.loans,available,17.48,144.98,high,low,11,namecheap,,,16/09/2026 17:58
380316f8-3d4e-4f64-90e6-63619dc403dd,boring.loans,available,20.99,116.99,high,low,6,namesilo,,,23/09/2026 00:20
9affe0b5-0d53-4125-8c62-0c6724f6a413,banter.loans,available,17.48,144.98,high,low,6,namecheap,,,22/08/2026 13:53
0607e833-ad20-440b-9a88-463703b16071,arcella.loans,available,20.99,116.99,medium,low,7,namesilo,,,20/09/2026 01:41
68aae6dd-6c67-4538-81e6-0e7c6e8da007,baobab.loans,available,20.99,116.99,medium,low,6,namesilo,,,17/09/2026 06:21
0f9bd728-c350-47ea-a58a-5a65750d5df0,erotism.loans,available,20.99,116.99,medium,low,7,namesilo,,,18/09/2026 16:15
b74ff704-8f81-4914-9814-552944998408,albumen.loans,available,20.99,116.99,high,low,7,namesilo,,,18/09/2026 03:31
a619b2fb-2171-42da-b653-06d4db2d500f,cottage.loans,available,20.99,116.99,high,low,7,namesilo,,,24/09/2026 11:16
945555f6-1048-4ec2-8e7f-11c8adf96708,stacks.loans,available,17.48,144.98,high,medium,6,namecheap,,,14/09/2026 23:24
e306c7fe-b4ec-4192-b486-cda94335141a,worrying.loans,available,17.48,144.98,medium,low,8,namecheap,,,14/08/2026 13:23
8bec319e-d884-44e2-aa8f-1932e266c775,buy.loans,resell,,,high,medium,3,"NameCheap, Inc.",08/12/2017 12:15,08/12/2026 12:15,26/09/2026 04:41
f3e4eede-2b96-48d5-a81b-47ddca530c0f,malawian.loans,available,17.48,144.98,high,low,8,namecheap,,,24/08/2026 13:40
13ae8e4b-a67e-4008-98b3-f370ac8b8efe,sperm.loans,available,19.99,,high,low,5,name.com,,,
e7300a54-1e92-4ee0-8cfb-bec5cc138870,sprawl.loans,available,17.48,144.98,medium,low,6,namecheap,,,10/09/2026 16:41
39e79001-7827-4c6d-9bc9-329cf9479f4b,find.loans,resell,,,high,medium,4,"GoDaddy.com, LLC",22/11/2019 08:04,22/11/2026 08:04,26/09/2026 06:05
94989bf3-e584-4c7b-82cd-3cf2856d2654,sumptuous.loans,available,17.48,144.98,high,low,9,namecheap,,,14/08/2026 01:02
2d3ac869-3349-4c74-b2f2-8426e5db2164,struck.loans,available,17.48,144.98,medium,low,6,namecheap,,,10/09/2026 11:50
8e71df64-db83-475a-ab7b-b49d28b942a5,repeal.loans,available,20.99,116.99,high,low,6,namesilo,,,16/09/2026 17:15
b67cb9dc-420d-483d-a31d-23c6cee6b0c9,refractive.loans,available,17.48,144.98,medium,low,10,namecheap,,,13/08/2026 23:32
edf5e3da-dfef-46fa-a3d8-19b5184736f9,meteoric.loans,available,17.48,144.98,high,low,8,namecheap,,,24/08/2026 21:53
fa7ddef9-eeb2-48d1-98f6-a147d6a4fece,bevel.loans,available,20.99,116.99,medium,low,5,namesilo,,,23/09/2026 11:58
3d3f50c9-9cce-4365-bcb9-1cff97164eed,uuq.loans,available,20.99,116.99,medium,low,3,namesilo,,,20/09/2026 22:18
1c509883-6fab-4c17-8b26-b1099ce2042f,fuddled.loans,available,17.48,144.98,low,low,7,namecheap,,,09/08/2026 15:36
b13f182a-873b-417c-9e00-d57c5fc177e4,oviparous.loans,available,17.48,144.98,medium,low,9,namecheap,,,04/09/2026 22:09
473fc76b-8eab-4900-92b2-09fb56a0cacb,tasks.loans,available,19.99,,high,low,5,name.com,,,
2c3eda70-6a48-4a8c-a198-f97d870719a7,plunk.loans,available,17.48,144.98,medium,low,5,namecheap,,,15/09/2026 20:41
d6cce6d2-3102-4c7a-bf4f-fea7381c857a,aar.loans,available,20.99,116.99,medium,low,3,namesilo,,,16/09/2026 13:19
2c70cbcb-2e0d-41d8-abad-b349c208857d,dogsit.loans,available,19.99,,high,low,6,name.com,,,
95d81abc-a34d-48d3-ab06-87aca89c477f,springbok.loans,available,17.48,144.98,medium,low,9,namecheap,,,19/09/2026 14:19
f0a03971-eaef-4795-ac29-cdbaba1047fd,author.loans,available,17.48,144.98,high,low,6,namecheap,,,21/09/2026 05:09
615f9650-0b3d-4239-848e-c5c6b6ded6d3,lathery.loans,available,17.48,144.98,medium,low,7,namecheap,,,22/08/2026 20:36
dd9b2238-1627-473c-b7a0-1779c0010ed5,saporous.loans,available,17.48,144.98,medium,low,8,namecheap,,,18/08/2026 07:16
bbb31dfd-fa80-4af1-9b28-764ae6f7088c,wrought.loans,available,17.48,144.98,medium,low,7,namecheap,,,25/08/2026 03:48
c487023d-dd21-49ee-bad6-79568e2f3d0f,planner.loans,available,17.48,144.98,high,low,7,namecheap,,,24/09/2026 17:52
0dbcbc51-37e3-4101-8f14-ca030b25a75f,tout.loans,available,17.48,144.98,high,low,4,namecheap,,,11/08/2026 01:03
9ba16b1e-e07b-4486-964b-89ccd4564498,slaty.loans,available,17.48,144.98,medium,low,5,namecheap,,,10/09/2026 10:19
c0af098c-f2be-4e7c-bfa8-aee7584aa0ee,float.loans,available,19.99,,high,low,5,name.com,,,
fe48f7ce-6b26-415a-8f04-a53850702062,roadman.loans,available,17.48,144.98,medium,low,7,namecheap,,,21/09/2026 18:08
3017f02a-c06b-4472-ad93-ae32d10b1ef6,expectable.loans,available,17.48,144.98,medium,low,10,namecheap,,,17/08/2026 18:02
57530f6c-0d88-45ea-8035-cdeb3cea316c,ingram.loans,available,17.48,144.98,medium,low,6,namecheap,,,26/09/2026 03:39
9ef81e46-6947-4334-8c77-0bb111c413bc,coagulate.loans,available,17.48,144.98,medium,low,9,namecheap,,,12/08/2026 13:27
116acb41-5fe3-49bc-9789-2b54f30a244a,meanly.loans,available,17.48,144.98,medium,low,6,namecheap,,,13/09/2026 23:32
4971f8ba-e0cb-465e-bd6c-a9c11f58ef86,modified.loans,available,17.48,144.98,high,low,8,namecheap,,,25/08/2026 03:15
81565398-7136-470a-b1b9-e01541bce20c,thriving.loans,available,17.48,144.98,high,low,8,namecheap,,,10/08/2026 19:22
13592214-e96b-42c8-8be5-d0cf88f6b4f5,shiner.loans,available,20.99,116.99,medium,low,6,namesilo,,,24/09/2026 00:40
8fe840d4-0a32-40e4-817b-a9c274eecefd,giver.loans,available,20.99,116.99,high,low,5,namesilo,,,23/09/2026 10:44
ce598d21-771c-400a-b899-178012915695,farseeing.loans,available,17.48,144.98,high,low,9,namecheap,,,14/08/2026 22:22
b0cc9957-235c-46d6-9754-a5e1ad8a7230,sophisticated.loans,available,19.99,,high,low,13,name.com,,,
395af2be-21f5-4cf8-8e02-dbc86314abf5,accusative.loans,available,17.48,144.98,high,low,10,namecheap,,,
6244b642-1037-4dff-8b0d-575167ccca61,bsarch.loans,available,17.48,144.98,medium,low,6,namecheap,,,21/09/2026 14:16
4b158020-ca47-4f85-b8b3-b3cd24dd3f4e,ragweed.loans,available,20.99,116.99,high,low,7,namesilo,,,23/09/2026 08:50
a3b87c1f-72c9-4142-a120-f5cf95844b45,grandparents.loans,available,17.48,144.98,high,low,12,namecheap,,,18/09/2026 06:12
9fa0394b-5b11-40a0-b6ea-9daab4d0f862,announcer.loans,available,17.48,144.98,high,low,9,namecheap,,,19/09/2026 10:49
9c17e631-14ea-4b67-8e73-2efcbea22f17,marry.loans,available,17.48,144.98,high,low,5,namecheap,,,13/09/2026 09:36
2b9e0484-7b25-4a4f-b18e-08307ba4e299,antiseptic.loans,available,17.48,144.98,high,low,10,namecheap,,,22/09/2026 06:54
93fa6f1b-acaa-49f4-b6a5-a0c4da5da8b2,habited.loans,available,17.48,144.98,medium,low,7,namecheap,,,20/08/2026 21:27
4de1d8db-a723-4b5c-a798-001912bba6df,fever.loans,available,19.99,,high,low,5,name.com,,,
369e109f-6447-4bfc-8e48-8832b15fb3a0,fabled.loans,available,17.48,144.98,high,low,6,namecheap,,,17/08/2026 20:12